"","ID","BP_PA"
"1",1,1.15352483666314e-05
"2",2,2.97424155577708e-05
"3",3,9.0613477634308e-05
"4",4,2.48591103574241e-05
"5",5,2.41513537666542e-05
"6",6,2.38187984717508e-12
"7",7,0.000218716014908142
"8",8,3.73467382277496e-05
"9",9,0.000677649671574671
"10",10,0.000137897092176923
"11",11,0.000164837777173639
"12",12,5.44243694035616e-05
"13",13,8.6646656499611e-05
"14",14,0.00011233470571825
"15",15,8.60091940704987e-05
"16",16,4.73117868821955e-06
"17",17,6.71651023828177e-05
"18",18,2.8313103057373e-05
"19",19,4.92529827505292e-05
"20",20,2.34674397676372e-05
"21",21,2.89667728524755e-05
"22",22,2.89549260283241e-05
"23",23,1.06968239634402e-05
"24",24,2.43974792661394e-05
"25",25,1.59172391018765e-05
"26",26,2.8776940055973e-05
"27",27,7.03980199991467e-06
"28",28,2.12118971201194e-06
"29",29,2.0661726403409e-06
"30",30,9.81693489214926e-05
"31",31,0.00017139694333567
"32",32,6.12107730878565e-05
"33",33,3.29071410980851e-05
"34",34,4.82580858812986e-05
"35",35,8.0346095342444e-05
"36",36,0.000176992088712389
"37",37,9.09426942591281e-05
"38",38,7.89721026124232e-05
"39",39,2.19964226722178e-05
"40",40,9.60139271404912e-05
"41",41,2.21160740234569e-05
"42",42,2.01759962819066e-05
"43",43,0.000127943504644359
"44",44,7.44977321211813e-05
"45",45,2.95237592260665e-05
"46",46,3.18219403417446e-05
"47",47,2.98688855992231e-05
"48",48,0.000204282447333958
"49",49,1.9805132148318e-05
"50",50,7.21059472715778e-05
"51",51,2.11426208462251e-05
"52",52,1.5184974423126e-05
"53",53,2.37145490075407e-05
"54",54,8.51504716920305e-05
"55",55,8.41178295655371e-05
"56",56,0.000259312189496305
"57",57,3.14756430544498e-05
"58",58,4.09008183961636e-06
"59",59,1.23140269216442e-05
"60",60,5.34635075001341e-05
"61",61,0.00104875264403521
"62",62,5.30251540819092e-05
"63",63,2.64060715485362e-05
"64",64,3.82443478721275e-05
"65",65,2.9529764031945e-05
"66",66,2.69484174669941e-05
"67",67,0.000452026640462957
"68",68,6.22949039931055e-05
"69",69,3.23272829115723e-05
"70",70,7.42245230519921e-05
"71",71,3.25664814149873e-05
"72",72,3.96624232781043e-06
"73",73,1.35620104119326e-05
"74",74,0.000151266329596533
"75",75,0.000102076726989312
"76",76,0.000295174892617917
"77",77,3.37884774275687e-05
"78",78,0.000283119315792239
"79",79,0.000144205325814631
"80",80,0.000194347254313423
"81",81,0.000484139339007387
"82",82,0.000378209849734942
"83",83,0.000181357878194671
"84",84,6.64284988812487e-05
"85",85,0.000173139429123561
"86",86,7.042477360238e-05
"87",87,0.000314448205582675
"88",88,0.000146102115336729
"89",89,0.000206150001858703
"90",90,0.00114578679517222
"91",91,0.000178502224404863
"92",92,1.94308896821515e-05
"93",93,1.29722676665638e-05
"94",94,2.61935490849377e-05
"95",95,0.000117278503310051
"96",96,5.69005637039372e-05
"97",97,4.52723190685835e-05
"98",98,2.85387388245708e-05
"99",99,3.34352233705703e-05
"100",100,0.000147810906362648
"101",101,2.95190481410553e-05
"102",102,1.3039474663642e-05
"103",103,3.49392065407236e-06
"104",104,3.05870968881194e-06
"105",105,9.4392898476813e-06
"106",106,0
"107",107,6.25067486743553e-05
"108",108,0.000150368034478565
"109",109,4.38754892148846e-05
"110",110,1.41925767949791e-05
"111",111,3.25171766971125e-05
"112",112,3.13640991197518e-05
"113",113,4.3037186944191e-05
"114",114,5.48598753367595e-05
"115",115,1.13187986396973e-05
"116",116,1.5297429737382e-05
"117",117,1.41676642768058e-05
"118",118,5.87419215917469e-05
"119",119,7.37329802615012e-05
"120",120,8.43660501740558e-05
"121",121,7.79972129330131e-05
"122",122,0.00015389090182658
"123",123,0.00117906215380224
"124",124,0.000121418266927943
"125",125,0.00025485221087185
"126",126,3.98688785184303e-05
"127",127,9.30909968238634e-05
"128",128,8.50950744594322e-05
"129",129,1.58619219527534e-05
"130",130,6.51642986561909e-05
"131",131,0.000198253913110161
"132",132,0.000179165870900804
"133",133,0.000691521299604056
"134",134,0.000195095860679618
"135",135,1.18252239975995e-05
"136",136,1.41014108186607e-06
"137",137,0.00225270332239662
"138",138,0.000228840228059944
"139",139,0.000774659616476965
"140",140,2.4695040649378e-06
"141",141,3.62205188689569e-05
"142",142,4.00483460367297e-05
"143",143,1.87049738865659e-05
"144",144,8.15682008981316e-05
"145",145,0.000160921459459968
"146",146,3.19828540792444e-06
"147",147,0.000176642431221439
"148",148,0.00012965900128933
"149",149,0.000274294284639245
"150",150,3.85199728161114e-05
"151",151,4.63778437790641e-05
"152",152,2.68217244413785e-05
"153",153,0.000126306946491588
"154",154,2.89935394097441e-05
"155",155,0.000111447697826231
"156",156,0.000296145350146971
"157",157,0.000190119450546427
"158",158,0.000116290621686934
"159",159,3.52750981049032e-05
"160",160,8.19060995480192e-05
"161",161,2.38529300459163e-05
"162",162,0.000103326210535215
"163",163,0.000130813422368515
"164",164,0.00161044825405167
"165",165,0.000196637810974428
"166",166,0.000112851702084548
"167",167,3.11239631269796e-05
"168",168,6.16014402162161e-05
"169",169,9.81984930990265e-07
"170",170,0.000308355262964581
"171",171,6.61012987242836e-05
"172",172,0.000231087155907792
"173",173,5.29015955499411e-05
"174",174,5.31366308864266e-05
"175",175,0
"176",176,0.000130468781439268
"177",177,5.63422479736637e-05
"178",178,3.17052428813178e-05
"179",179,8.2818004229605e-05
"180",180,0.000152877957829659
"181",181,2.70335008335382e-05
"182",182,2.37842736204457e-05
"183",183,4.26795853685504e-05
"184",184,1.04386199956204e-05
"185",185,1.74892853458666e-05
"186",186,0.000132393687578154
"187",187,5.88656981261821e-07
"188",188,1.40775417360065e-05
"189",189,3.02516200853651e-05
"190",190,3.17927103002267e-05
"191",191,1.33460772785091e-06
"192",192,0
"193",193,6.21787548647514e-05
"194",194,1.16464542503791e-05
"195",195,0.000120004730753577
"196",196,7.94973732250295e-05
"197",197,0.000107423730431329
"198",198,8.99688109886383e-05
"199",199,5.78327116376209e-05
"200",200,8.66787003637115e-05
"201",201,9.99030078283207e-05
"202",202,6.01911127653541e-05
"203",203,1.49678041686763e-05
"204",204,1.87230944535073e-05
"205",205,1.20145503826409e-05
"206",206,2.71494797186926e-05
"207",207,8.7576147595821e-06
"208",208,1.3312980931805e-05
"209",209,1.39391934879156e-05
"210",210,0
"211",211,1.69384041995382e-05
"212",212,3.43253487395494e-05
"213",213,1.983314539345e-05
"214",214,2.33645189164747e-05
"215",215,2.24171646507229e-05
"216",216,9.14125790200971e-05
"217",217,0.000104128895804008
"218",218,1.54908671014195e-05
"219",219,2.40583784018333e-05
"220",220,3.88032477388831e-06
"221",221,7.54380280911297e-06
"222",222,2.80972806487325e-05
"223",223,1.03898106731856e-05
"224",224,8.82353557294196e-06
"225",225,2.26189429508158e-06
"226",226,5.82596337421528e-06
"227",227,1.21526168868134e-05
"228",228,1.09338813793814e-05
"229",229,2.05726589831406e-05
"230",230,6.87155337494372e-05
"231",231,6.6006909172979e-06
"232",232,8.20211543347974e-05
"233",233,3.53592782138422e-05
"234",234,8.75622807747937e-06
"235",235,0
"236",236,0
"237",237,0
"238",238,0
"239",239,2.15328688138869e-06
"240",240,1.23697679696813e-05
"241",241,3.19361668982411e-08
"242",242,6.00415316870105e-07
"243",243,1.46492974903603e-07
"244",244,2.53139049976601e-09
"245",245,0
"246",246,1.83989868673962e-08
"247",247,3.51443032941017e-07
"248",248,3.88300032409282e-06
"249",249,5.63163257808308e-06
"250",250,1.38118758139536e-05
"251",251,3.12545579194588e-07
"252",252,1.64492238645828e-07
"253",253,3.40397454059206e-06
"254",254,1.78916867144341e-06
"255",255,3.00574899425108e-05
"256",256,2.52539654767056e-05
"257",257,4.50605677062591e-05
"258",258,3.70864062366821e-05
"259",259,4.33618216474289e-05
"260",260,6.42797484110384e-05
"261",261,0.000126989145259013
"262",262,5.46443537260478e-06
"263",263,4.45238288432404e-05
"264",264,0
"265",265,6.70844810619005e-05
"266",266,1.81645817769654e-06
"267",267,3.58909820124464e-05
"268",268,6.7460160718793e-06
"269",269,5.21603531660296e-05
"270",270,2.3719276012863e-05
"271",271,6.68804979267946e-06
"272",272,1.633179427183e-05
"273",273,3.46372922233254e-05
"274",274,7.373904840158e-05
"275",275,0.000163454304495044
"276",276,0
"277",277,1.36371884606057e-08
"278",278,0
"279",279,9.46914338785366e-05
"280",280,4.44041434813065e-05
"281",281,8.63845419957079e-07
"282",282,2.62633621755013e-06
"283",283,9.62143678675849e-06
"284",284,3.29888045405968e-05
"285",285,2.00641727225569e-05
"286",286,3.22849003272938e-06
"287",287,1.1199963423313e-05
"288",288,1.57351061587805e-06
"289",289,9.95474247919375e-07
"290",290,6.81843458160535e-06
"291",291,1.67320938972048e-05
"292",292,6.68686959275177e-06
"293",293,6.23087581140751e-06
"294",294,1.04608388903154e-05
"295",295,1.39015299841006e-05
"296",296,4.63505417250871e-05
"297",297,5.50739008823615e-05
"298",298,6.44761098717948e-05
"299",299,5.84057822317175e-05
"300",300,2.26699744550975e-05
"301",301,2.4817267485884e-05
"302",302,5.0141377041807e-05
"303",303,2.65526545305091e-05
"304",304,6.82877101620915e-05
"305",305,8.59155623779509e-05
"306",306,9.38906913327919e-05
"307",307,6.88384707330699e-05
"308",308,1.2133281788344e-05
"309",309,5.45105778290461e-05
"310",310,2.3601938665794e-06
"311",311,5.73508588609195e-05
"312",312,3.90362424245962e-05
"313",313,2.43034685680339e-05
"314",314,2.95263346344054e-05
"315",315,5.23287339976473e-05
"316",316,4.66698074050724e-06
"317",317,1.35683662005511e-05
"318",318,6.34619979690727e-07
"319",319,3.1688802437713e-06
"320",320,7.84284509284498e-07
"321",321,0
"322",322,1.89006857077211e-05
"323",323,1.81650794519472e-05
"324",324,5.43018710278814e-08
"325",325,1.84690262901886e-06
"326",326,9.3140330723477e-05
"327",327,2.79144675433823e-05
"328",328,3.99426427473429e-05
"329",329,7.42931989572193e-05
"330",330,5.68617738387495e-05
"331",331,8.87834694515028e-05
"332",332,8.89218412213649e-05
"333",333,7.72066129630603e-05
"334",334,4.02503987981141e-05
"335",335,8.20612593342665e-07
"336",336,2.65514949599279e-05
"337",337,0.000116720112842964
"338",338,1.14955097685692e-05
"339",339,4.88834223043035e-05
"340",340,6.06785238648125e-05
"341",341,9.34251450941002e-05
"342",342,8.40294346697466e-06
"343",343,1.55704381260472e-05
"344",344,2.87620813962723e-05
"345",345,1.84824562110833e-05
"346",346,4.60987952145481e-05
"347",347,3.01452232721197e-05
"348",348,7.79287832655386e-06
"349",349,2.69198226850427e-05
"350",350,6.01243623170937e-06
"351",351,3.2700323643213e-05
"352",352,1.41379066929089e-05
"353",353,2.46615268559168e-05
"354",354,0.000101638290299499
"355",355,3.57184050659099e-06
"356",356,9.78508115776959e-06
"357",357,9.7149154348155e-07
"358",358,1.58953062601281e-06
"359",359,8.39298508878248e-06
"360",360,1.08703134987168e-05
"361",361,9.45208826311306e-05
"362",362,9.29244812202388e-05
"363",363,0
"364",364,0
"365",365,0
"366",366,0
"367",367,3.21561508358145e-06
"368",368,0
"369",369,4.91238317552322e-06
"370",370,1.21631276112356e-05
"371",371,0
"372",372,9.98907147971936e-07
"373",373,1.28004194483171e-07
"374",374,2.01525677578113e-06
"375",375,8.11157016566237e-07
"376",376,3.20948818043519e-07
"377",377,0
"378",378,1.9146879629597e-05
"379",379,0
"380",380,9.83531556564955e-06
"381",381,5.28293022303408e-07
"382",382,5.13518716057807e-07
"383",383,1.23551331648233e-05
"384",384,7.96605518381799e-05
"385",385,7.54962873169721e-09
"386",386,2.06779548916924e-05
"387",387,1.16269702356087e-05
"388",388,1.17910738244905e-05
"389",389,8.41713433894706e-07
"390",390,3.04541608101683e-07
"391",391,2.54008480032129e-05
"392",392,3.79887430778495e-06
"393",393,4.82490738593599e-09
"394",394,4.4866341115645e-05
"395",395,2.04535145749121e-05
"396",396,2.73176725125337e-06
"397",397,4.9466522272525e-05
"398",398,0
"399",399,5.06038138554227e-05
"400",400,4.23227229336473e-05
"401",401,6.15182130183487e-05
"402",402,1.16296407059813e-05
"403",403,0.000130399447629496
"404",404,6.76911206296392e-05
"405",405,7.91192043573417e-06
"406",406,0.00017759424570436
"407",407,8.58687878184584e-05
"408",408,6.77776789280144e-05
"409",409,9.67024061431543e-05
"410",410,0
"411",411,0
"412",412,1.07414939848609e-05
"413",413,4.73854622981872e-07
"414",414,0.000103954377053219
"415",415,1.84568298026277e-05
"416",416,3.06755050645635e-05
"417",417,1.72824563112723e-05
"418",418,2.45765880283154e-06
"419",419,4.43628775610098e-05
"420",420,6.95494581382383e-05
"421",421,7.89517547083435e-05
"422",422,0.00020460352210491
"423",423,4.01961495905593e-05
"424",424,6.80567069479969e-05
"425",425,1.22823962093938e-05
"426",426,2.76160001804146e-05
"427",427,1.03151528389529e-05
"428",428,3.33985820384364e-05
"429",429,1.10523698424353e-05
"430",430,0
"431",431,0
"432",432,1.12618382595683e-07
"433",433,5.80901083842564e-05
"434",434,0.000135019416146049
"435",435,6.02784974266208e-06
"436",436,8.50899025634822e-06
"437",437,5.13944298836244e-06
"438",438,3.8316732101453e-05
"439",439,1.10338376217399e-05
"440",440,3.48147803393702e-08
"441",441,4.21036343841851e-07
"442",442,0.000108678245047786
"443",443,2.66252621173683e-06
"444",444,4.65548344922869e-05
"445",445,7.28089664645626e-06
"446",446,2.88422658484474e-05
"447",447,1.20959100737908e-05
"448",448,1.10585823614886e-05
"449",449,3.47640735709956e-06
"450",450,7.45422174471374e-06
"451",451,1.76403340615884e-05
"452",452,1.93509688181554e-05
"453",453,7.94929012783469e-05
"454",454,7.15005965563866e-05
"455",455,0.000126307484254185
"456",456,1.61573574253234e-05
"457",457,9.38552823612926e-05
"458",458,7.45440568572543e-05
"459",459,4.06215335615052e-05
"460",460,2.22639686947126e-05
"461",461,1.92630771568972e-05
"462",462,3.40652606346004e-05
"463",463,4.36774140827195e-05
"464",464,5.78779271853545e-05
"465",465,5.40128565390336e-05
"466",466,1.81183230271083e-05
"467",467,7.31654346541173e-05
"468",468,0
"469",469,4.76150449658954e-07
"470",470,4.64732612151522e-05
"471",471,6.90521067971247e-06
"472",472,4.13863228340349e-05
"473",473,4.37719921518963e-06
"474",474,1.37726130891976e-05
"475",475,1.06998942078843e-05
"476",476,3.01442642359373e-06
"477",477,4.76127402264617e-06
"478",478,9.76749027131145e-05
"479",479,9.25174465775518e-06
"480",480,9.00767034644518e-05
"481",481,0
"482",482,0
"483",483,8.45560456631623e-08
"484",484,0
"485",485,3.69398223670083e-08
"486",486,4.73095409510768e-05
"487",487,1.6924707349271e-05
"488",488,1.16933603462115e-05
"489",489,2.62011105799182e-05
"490",490,9.85702749736656e-06
"491",491,0
"492",492,2.11844818738949e-05
"493",493,8.43633257028476e-05
"494",494,1.32153282232213e-05
"495",495,6.93736862119987e-06
"496",496,1.13287155953003e-05
"497",497,0
"498",498,0
"499",499,8.33225504553962e-08
"500",500,6.00447448513791e-07
"501",501,1.37653491646274e-05
"502",502,7.25070471615069e-05
"503",503,0.000226369349673433
"504",504,0.000101058556071366
"505",505,4.69106198887465e-17
"506",506,0.000140098691283752
"507",507,3.89650903603261e-05
"508",508,6.88200119580371e-05
"509",509,0
"510",510,2.99078563836091e-05
"511",511,8.33615673387068e-06
"512",512,4.25514370832004e-05
"513",513,3.51269090826166e-06
"514",514,2.66270707997682e-05
"515",515,5.16424657485754e-05
"516",516,2.00099351849498e-05
"517",517,8.04703995415901e-06
"518",518,4.66706537691218e-05
"519",519,5.49082593927995e-05
"520",520,2.43567336975878e-06
"521",521,2.72631050398332e-06
"522",522,4.54961722230602e-05
"523",523,1.19733528207326e-05
"524",524,0
"525",525,6.70820721102101e-07
"526",526,0
"527",527,0
"528",528,6.52307988001771e-07
"529",529,1.20692899893964e-06
"530",530,1.12835848597221e-05
"531",531,2.94707692072739e-05
"532",532,0
"533",533,2.61297137436637e-05
"534",534,6.77573895286044e-05
"535",535,2.88190381719817e-05
"536",536,5.49414705081873e-05
"537",537,5.71948299841725e-05
"538",538,4.18307908824854e-06
"539",539,3.94391410502512e-05
"540",540,2.1078501561718e-05
"541",541,0.000170193757225601
"542",542,1.97321320402544e-05
"543",543,5.60910597658164e-05
"544",544,1.67750176123454e-05
"545",545,2.47581177571487e-05
"546",546,1.23699818540759e-05
"547",547,6.31120216903353e-05
"548",548,2.12958332428475e-05
"549",549,0.000125136171838807
"550",550,1.3411254230065e-05
"551",551,1.38427424701757e-05
"552",552,8.0041201443044e-06
"553",553,2.69664471830981e-05
"554",554,2.17115214329398e-05
"555",555,5.53466597187945e-07
"556",556,0
"557",557,3.12979177837721e-07
"558",558,0
"559",559,4.36839969089784e-05
"560",560,3.67758776529653e-07
"561",561,2.14927757507003e-05
"562",562,2.47608590411214e-07
"563",563,2.70504032292636e-05
"564",564,7.73843400537165e-05
"565",565,7.90890384980541e-06
"566",566,6.66005054599633e-06
"567",567,3.37045137998485e-05
"568",568,4.18456397992854e-05
"569",569,4.04855211236568e-05
"570",570,4.76650292261135e-06
"571",571,7.85310583226975e-06
"572",572,2.45857991859769e-05
"573",573,6.71874668483655e-05
"574",574,6.12414043023932e-05
"575",575,3.23125862978458e-05
"576",576,2.98393083527605e-05
"577",577,4.55587860155477e-05
"578",578,5.12398422716041e-05
"579",579,2.09074865163558e-05
"580",580,6.07790894820324e-06
"581",581,2.04173046675709e-07
"582",582,1.84959600534218e-05
"583",583,4.68466436627234e-06
"584",584,5.20274401920125e-05
"585",585,4.71656784158914e-06
"586",586,1.14727477516294e-06
"587",587,0
"588",588,6.90881176058e-06
"589",589,0.00013329019547671
"590",590,7.57561382318344e-05
"591",591,9.06829912375171e-05
"592",592,4.49539958732952e-05
"593",593,1.91189756788949e-05
"594",594,1.28844418163625e-05
"595",595,2.33977151792542e-05
"596",596,2.7535654742385e-06
"597",597,1.68309020974965e-06
"598",598,1.32661017483656e-06
"599",599,4.34231205618559e-06
"600",600,2.71058627294068e-06
"601",601,1.65816786348637e-05
"602",602,2.41302729708651e-05
"603",603,0
"604",604,8.40136087774845e-06
"605",605,9.03684209170838e-05
"606",606,4.47976368295434e-07
"607",607,5.37815092837524e-05
"608",608,1.79216550882747e-05
"609",609,4.35712378792345e-05
"610",610,5.49548999499917e-06
"611",611,0
"612",612,5.13454518609538e-05
"613",613,0
"614",614,2.5852192910188e-05
"615",615,3.66740164872813e-05
"616",616,0
"617",617,3.480419591255e-11
"618",618,3.57934020543299e-05
"619",619,7.73571759873155e-07
"620",620,1.08896214674171e-05
"621",621,9.25457248939362e-05
"622",622,0
"623",623,1.79585430760597e-05
"624",624,4.25118931091987e-05
"625",625,1.75352060608499e-05
"626",626,4.26742536696829e-05
"627",627,8.48166183493445e-05
"628",628,0
"629",629,2.87949351760407e-05
"630",630,4.07453205508153e-05
"631",631,1.13358259153018e-06
"632",632,4.49577904358319e-05
"633",633,3.88765566228691e-05
"634",634,0
"635",635,3.85346111053291e-06
"636",636,9.03730763474256e-05
"637",637,2.76105407512635e-06
"638",638,2.4730761454379e-05
"639",639,0
"640",640,0
"641",641,0
"642",642,6.7055667250605e-05
"643",643,4.34479110756962e-06
"644",644,6.43643461970575e-05
"645",645,0
"646",646,3.39153813999268e-06
"647",647,0.000123818612796528
"648",648,7.91104729091964e-07
"649",649,3.78055814843372e-05
"650",650,0.000247722952956991
"651",651,8.45141242913735e-05
"652",652,0
"653",653,0
"654",654,3.20267982484918e-05
"655",655,1.2359931340115e-05
"656",656,2.26595856123623e-05
"657",657,9.34084204144079e-06
"658",658,4.13973307495611e-06
"659",659,1.8148169804119e-05
"660",660,1.23403437919684e-06
"661",661,9.50219528516738e-06
"662",662,3.96359083694753e-06
"663",663,3.56119931849284e-06
"664",664,1.27704236860191e-05
"665",665,1.49731891831717e-05
"666",666,0
"667",667,2.73112795658783e-06
"668",668,3.00334930236493e-06
"669",669,4.94339276681255e-05
"670",670,4.43029222605359e-05
"671",671,2.08967746487832e-05
"672",672,3.69107856754368e-05
"673",673,2.93913857549621e-05
"674",674,1.17124656368862e-05
"675",675,3.3013579435833e-05
"676",676,2.43903111902884e-05
"677",677,5.54559777226809e-05
"678",678,9.57074577996117e-05
"679",679,1.47654189124864e-05
"680",680,1.82715257883568e-05
"681",681,3.05141406143033e-05
"682",682,6.23803851944418e-05
"683",683,2.85852718049818e-05
"684",684,1.82990413168605e-05
"685",685,7.06408037914592e-05
"686",686,6.67368011548924e-05
"687",687,2.8999305936347e-05
"688",688,4.17261922826317e-05
"689",689,9.06259461460475e-05
"690",690,2.34851972741928e-05
"691",691,4.63499117788236e-05
"692",692,5.96781680910725e-05
"693",693,8.59000275263469e-05
"694",694,7.13507901949791e-05
"695",695,4.4381116781341e-05
"696",696,1.67721585058971e-05
"697",697,0.000125124706486487
"698",698,0.000107716210522844
"699",699,6.28013321444164e-05
"700",700,4.21059185981007e-05
"701",701,7.70890598234752e-05
"702",702,0.000121588359847719
"703",703,6.14254893162227e-05
"704",704,4.41048360872906e-05
"705",705,0.000124855355757516
"706",706,0.000109099931789984
"707",707,0.00010958402169604
"708",708,4.3101313961139e-05
"709",709,8.87909834392968e-05
"710",710,9.30762192270917e-05
"711",711,2.19325626516071e-05
"712",712,5.08790875197495e-06
"713",713,5.78468997627804e-05
"714",714,5.27743869022479e-05
"715",715,1.3718297474681e-05
"716",716,4.05698686985704e-05
"717",717,2.48197328303496e-05
"718",718,5.59343426652875e-06
"719",719,1.19970066512286e-05
"720",720,3.41056642994486e-05
"721",721,2.96730112919012e-05
"722",722,4.31249506134534e-05
"723",723,4.1740390755065e-05
"724",724,7.2740323955932e-06
"725",725,3.96894116476527e-06
"726",726,1.25925671274052e-05
"727",727,2.12647504672707e-05
"728",728,9.03848006153785e-06
"729",729,6.28615784823862e-05
"730",730,3.58753286510096e-06
"731",731,2.06213686318305e-05
"732",732,3.43330825616939e-09
"733",733,4.09113465987314e-05
"734",734,6.05849180313261e-05
"735",735,9.75073411666649e-05
"736",736,0.000102395268612408
"737",737,2.848909150048e-05
"738",738,3.55286945406615e-05
"739",739,3.65352108632254e-05
"740",740,3.76891419444027e-05
"741",741,4.62091510396708e-05
"742",742,7.19179766753533e-05
"743",743,1.07950691588283e-05
"744",744,0.000125446729382771
"745",745,6.78683711577472e-05
"746",746,5.73252269663657e-05
"747",747,1.68811237592557e-05
"748",748,9.16700948905266e-05
"749",749,1.80832314105283e-06
"750",750,5.49012604041391e-06
"751",751,3.9197736148978e-05
"752",752,2.79845015702684e-05
"753",753,4.99008380560149e-05
"754",754,1.96221828160625e-05
"755",755,3.43244410469004e-05
"756",756,2.08741628718027e-05
"757",757,1.73862576533459e-05
"758",758,1.76224748250509e-05
"759",759,2.21127749398183e-05
"760",760,4.90271426011284e-05
"761",761,8.85773785677035e-05
"762",762,7.11672401087139e-05
"763",763,3.06767491402776e-05
"764",764,8.28009858826927e-05
"765",765,1.4385596385342e-05
"766",766,5.76516771908323e-05
"767",767,0
"768",768,4.41494770181168e-05
"769",769,0
"770",770,0
"771",771,0
"772",772,0
"773",773,9.43048126156048e-07
"774",774,0
"775",775,0
"776",776,0
"777",777,0
"778",778,2.23178423010477e-06
"779",779,1.00051420801606e-07
"780",780,8.27968943430338e-08
"781",781,0
"782",782,5.15267273826882e-07
"783",783,1.67165137509879e-06
"784",784,4.37906587256818e-05
"785",785,3.77421758891243e-07
"786",786,1.57742996507986e-07
"787",787,9.71008533213666e-07
"788",788,0
"789",789,2.59990687241043e-06
"790",790,4.108410114609e-05
"791",791,4.44931931152708e-06
"792",792,0
"793",793,0
"794",794,2.45024293462848e-05
"795",795,0.000105492763070003
"796",796,2.62738022491487e-05
"797",797,1.65284555813878e-06
"798",798,3.28338954199506e-06
"799",799,0.000109373512841238
"800",800,6.1564081352063e-05
"801",801,4.56002875273102e-06
"802",802,2.55519415218528e-06
"803",803,1.38553243373825e-05
"804",804,5.77699691071828e-06
"805",805,1.1764011440052e-06
"806",806,1.01498309220589e-06
"807",807,1.71891851058517e-06
"808",808,0
"809",809,2.68533224286484e-05
"810",810,1.07235942189354e-05
"811",811,4.08960085832156e-05
"812",812,1.57451564204693e-05
"813",813,2.60293169602837e-05
"814",814,0.00010194556033522
"815",815,3.64272600182115e-05
"816",816,7.34023830638476e-05
"817",817,2.5530732479655e-05
"818",818,1.36917890187378e-05
"819",819,8.28612296967158e-05
"820",820,3.68371651782088e-05
"821",821,0.0001038231044585
"822",822,0.000146377818404844
"823",823,0.00012894226128333
"824",824,0.000727168343303898
"825",825,2.75419529664295e-05
"826",826,5.60851591279131e-05
"827",827,4.0219205822504e-05
"828",828,5.78203739751584e-05
"829",829,0
"830",830,0
"831",831,2.50544595249505e-06
"832",832,4.82243004126458e-05
"833",833,5.14611318705208e-05
"834",834,1.47787115750805e-05
"835",835,0
"836",836,0
"837",837,1.81810489865089e-05
"838",838,1.49693440012171e-05
"839",839,3.19316497863586e-05
"840",840,4.93394324547979e-05
"841",841,4.2801196071674e-05
"842",842,9.56903952760946e-05
"843",843,2.92814858024616e-05
"844",844,1.17126299523583e-05
"845",845,7.69334739493782e-06
"846",846,2.95377646362302e-06
"847",847,2.04834610640059e-05
"848",848,2.06638534692374e-07
"849",849,5.60881207196468e-06
"850",850,2.26585399928674e-05
"851",851,9.13923300540529e-06
"852",852,1.49220652504047e-05
"853",853,7.03752403470716e-05
"854",854,4.7724991464735e-05
"855",855,3.63096293754216e-05
"856",856,1.82451847560382e-05
"857",857,6.24656719096862e-06
"858",858,5.42879908646495e-05
"859",859,7.42048575126656e-05
"860",860,3.64252935177826e-05
"861",861,5.91936053543188e-05
"862",862,3.39632662614255e-05
"863",863,1.95523513093799e-05
"864",864,0.000320293529481851
"865",865,9.8724647692865e-05
"866",866,0.000298048943272464
"867",867,1.59295481058547e-05
"868",868,1.53515515967163e-07
"869",869,9.73523461231267e-09
"870",870,2.78357637027003e-05
"871",871,3.01458773366653e-05
"872",872,9.0296766297259e-05
"873",873,3.92962110554231e-05
"874",874,3.34267194995958e-05
"875",875,5.29486424527699e-05
"876",876,1.13265877116437e-05
"877",877,7.11965915762097e-05
"878",878,3.29392951321614e-05
"879",879,0.000116379974978107
"880",880,9.97003411093519e-05
"881",881,0.000134586823980386
"882",882,1.20613258216611e-05
"883",883,0.000121086880538871
"884",884,5.43522283609636e-05
"885",885,7.59483810333198e-05
"886",886,7.25248914679138e-05
"887",887,8.16531703491787e-05
"888",888,0.000105705785760876
"889",889,6.22468123500215e-05
"890",890,7.20389067389117e-05
"891",891,0.000122246404970059
"892",892,0.000105602513694158
"893",893,1.65595223529961e-05
"894",894,7.16423458643826e-05
"895",895,5.70872567715592e-05
"896",896,0.000110896307038189
"897",897,4.90549071628351e-05
"898",898,6.62330214454173e-05
"899",899,0.000107368675644874
"900",900,9.43083272019775e-05
"901",901,3.61266845586515e-05
"902",902,3.16308555067177e-05
"903",903,6.49908857077031e-05
"904",904,2.47526293251967e-05
"905",905,3.20249035374113e-05
"906",906,6.88517748540498e-06
"907",907,7.7105320891789e-06
"908",908,2.2758607061656e-05
"909",909,1.99853817446616e-05
"910",910,2.06818731086108e-05
"911",911,8.05141073598702e-06
"912",912,7.64340211874662e-06
"913",913,8.54804467343905e-06
"914",914,5.87318691062975e-07
"915",915,1.64244767351927e-06
"916",916,1.58634759981981e-06
"917",917,1.77852974095705e-06
"918",918,7.93116355268702e-07
"919",919,4.39182754179847e-06
"920",920,8.67018723134605e-07
"921",921,2.45095251198848e-05
"922",922,3.0381407638774e-05
"923",923,5.40668159221235e-05
"924",924,1.19963795626551e-05
"925",925,5.63780789016458e-05
"926",926,1.10457355392434e-05
"927",927,6.37808159267088e-05
"928",928,9.93961113807931e-06
"929",929,7.57151985111809e-06
"930",930,6.49357530723488e-06
"931",931,7.86290675697112e-06
"932",932,1.91731961710339e-05
"933",933,8.1917786080206e-06
"934",934,1.5237063900721e-05
"935",935,5.89378933662673e-06
"936",936,3.43120322771157e-05
"937",937,1.34833515726561e-05
"938",938,3.64362106885862e-06
"939",939,2.1993747974581e-06
"940",940,3.77430686475585e-05
"941",941,6.1555944815482e-08
"942",942,6.24568644994146e-05
"943",943,6.80186081286228e-05
"944",944,5.2098931500843e-05
"945",945,1.77654532868372e-05
"946",946,9.57258985425275e-06
"947",947,5.59009599381829e-06
"948",948,3.65736982416183e-05
"949",949,6.46330351234972e-06
"950",950,2.38410187271965e-06
"951",951,2.61552425532597e-06
"952",952,2.09156506730086e-06
"953",953,1.52374731304011e-05
"954",954,6.73189646353107e-07
"955",955,8.18575345820089e-13
"956",956,2.34142276113052e-06
"957",957,3.19726292492416e-05
"958",958,4.07513051904593e-05
"959",959,5.99417268849948e-05
"960",960,5.08510289150139e-05
"961",961,8.18383762890319e-05
"962",962,3.90205194399428e-05
"963",963,2.35051012245628e-05
"964",964,2.77112190968642e-05
"965",965,1.69242874039401e-05
"966",966,7.86022139845475e-05
"967",967,5.79862867391967e-05
"968",968,2.26808736591615e-05
"969",969,3.35069218705325e-06
"970",970,6.12947768485708e-05
"971",971,2.43224881481043e-05
"972",972,2.74996357130328e-05
"973",973,1.84857958556936e-06
"974",974,8.33181019773497e-05
"975",975,0.000128551831775655
"976",976,1.35106359107184e-05
"977",977,4.11808587020543e-05
"978",978,2.83014317649815e-05
"979",979,5.33523746894524e-05
"980",980,0.000100320387325972
"981",981,9.86548632927153e-05
"982",982,2.94967788979477e-05
"983",983,5.96002098796406e-05
"984",984,6.90361898964003e-05
"985",985,3.60230553802521e-05
"986",986,2.40638675995013e-05
"987",987,7.27444194923576e-05
"988",988,1.95220684535121e-05
"989",989,1.52944261028641e-05
"990",990,9.23211479639662e-06
"991",991,2.86738841168762e-05
"992",992,4.88150177571944e-06
"993",993,3.18516972682987e-05
"994",994,2.13804617714369e-05
"995",995,1.35059148462201e-05
"996",996,7.18010647046501e-05
"997",997,7.40536963139738e-07
"998",998,7.14806076315963e-05
"999",999,3.81954221917555e-05
"1000",1000,3.78638750371534e-05
"1001",1001,3.06405304892827e-05
"1002",1002,8.25492592738009e-06
"1003",1003,1.67015419364585e-05
"1004",1004,1.79272413722229e-05
"1005",1005,9.79296023685086e-06
"1006",1006,7.05484245672495e-05
"1007",1007,7.13541514538443e-06
"1008",1008,3.7506400961468e-05
"1009",1009,0.000104416311745172
"1010",1010,3.95094360599021e-05
"1011",1011,3.97939449698005e-05
"1012",1012,2.83585369218897e-05
"1013",1013,5.22789308702626e-05
"1014",1014,6.50048652520567e-05
"1015",1015,5.15480103633873e-06
"1016",1016,1.49370380357134e-05
"1017",1017,2.6018474916823e-05
"1018",1018,8.93972906639069e-05
"1019",1019,3.61459550264117e-05
"1020",1020,1.32179057941778e-05
"1021",1021,6.96018227730497e-06
"1022",1022,6.56803035367788e-05
"1023",1023,4.79209926123286e-05
"1024",1024,4.08197683161088e-05
"1025",1025,1.29036718943671e-05
"1026",1026,4.37377515439408e-06
"1027",1027,4.39352108616847e-05
"1028",1028,3.38567278092093e-05
"1029",1029,6.49063238178139e-06
"1030",1030,3.87980120170714e-05
"1031",1031,0
"1032",1032,2.08339315058786e-05
"1033",1033,2.76200200826371e-05
"1034",1034,9.33757001801121e-06
"1035",1035,1.35740107826762e-05
"1036",1036,6.02797040412959e-05
"1037",1037,3.26937693804953e-05
"1038",1038,2.82281704719667e-05
"1039",1039,1.97122802547843e-05
"1040",1040,3.62027972358072e-05
"1041",1041,9.33659184781505e-05
"1042",1042,2.70229876791647e-05
"1043",1043,3.55285922099939e-05
"1044",1044,4.45828250821783e-06
"1045",1045,6.00143453746163e-06
"1046",1046,2.6751163834639e-05
"1047",1047,8.63341284011206e-06
"1048",1048,2.17250145033568e-05
"1049",1049,1.5892968327387e-05
"1050",1050,0.000113420509153221
"1051",1051,9.9143596044969e-05
"1052",1052,2.18553983310178e-05
"1053",1053,0.000102842376588189
"1054",1054,2.29054265901141e-05
"1055",1055,1.84883882296413e-05
"1056",1056,1.03201959212613e-07
"1057",1057,0
"1058",1058,0
"1059",1059,3.40262569533325e-05
"1060",1060,7.48968743936778e-06
"1061",1061,0
"1062",1062,5.08134675474439e-05
"1063",1063,5.46819559486012e-06
"1064",1064,5.04290423549221e-05
"1065",1065,2.32367031640366e-05
"1066",1066,5.46021315390174e-06
"1067",1067,0
"1068",1068,0
"1069",1069,0
"1070",1070,0
"1071",1071,1.03895155320561e-06
"1072",1072,0
"1073",1073,1.92750343747937e-05
"1074",1074,6.40447957950015e-05
"1075",1075,0
"1076",1076,2.98791983528151e-06
"1077",1077,2.13560578729941e-06
"1078",1078,4.76336452064857e-05
"1079",1079,9.17183756041701e-06
"1080",1080,0
"1081",1081,2.49523106233403e-06
"1082",1082,0
"1083",1083,1.37532039545165e-05
"1084",1084,0
"1085",1085,3.10120134061399e-08
"1086",1086,0
"1087",1087,9.80205383181508e-06
"1088",1088,0
"1089",1089,0
"1090",1090,0
"1091",1091,0
"1092",1092,6.19041140126342e-07
"1093",1093,0
"1094",1094,0
"1095",1095,0
"1096",1096,0
"1097",1097,2.68880120302128e-06
"1098",1098,6.41124837752941e-05
"1099",1099,8.54678988156182e-05
"1100",1100,6.97601016626923e-05
"1101",1101,7.99859007408166e-06
"1102",1102,1.01285011722448e-05
"1103",1103,5.99376752830926e-06
"1104",1104,2.99037854807884e-05
"1105",1105,5.98167486486243e-06
"1106",1106,0
"1107",1107,0
"1108",1108,0
"1109",1109,1.18380615341326e-06
"1110",1110,2.27714708528489e-05
"1111",1111,1.5755493364833e-06
"1112",1112,5.72837448538118e-05
"1113",1113,6.83163764739231e-08
"1114",1114,0
"1115",1115,0
"1116",1116,2.68582316998125e-06
"1117",1117,1.01159063066477e-05
"1118",1118,3.44942547043289e-05
"1119",1119,1.28814699265932e-06
"1120",1120,1.09314143576237e-05
"1121",1121,7.86438533745482e-07
"1122",1122,1.1647899525036e-07
"1123",1123,6.80310407667162e-08
"1124",1124,1.79548569393581e-05
"1125",1125,3.10314352897094e-08
"1126",1126,1.1632839742554e-05
"1127",1127,0.000217637513675888
"1128",1128,2.19739897630724e-05
"1129",1129,7.2754922604801e-05
"1130",1130,9.06302248954318e-05
"1131",1131,0.000103009909149591
"1132",1132,5.23103775662772e-05
"1133",1133,8.62881045389292e-05
"1134",1134,5.36365130555929e-05
"1135",1135,4.21078911519579e-05
"1136",1136,3.28766160569017e-05
"1137",1137,0.000338089374326682
"1138",1138,0.000496832538940896
"1139",1139,0.000471654251590006
"1140",1140,5.90156700498337e-05
"1141",1141,7.77673033360292e-05
"1142",1142,0.000160407475544347
"1143",1143,0.000104854945543826
"1144",1144,6.80929521747391e-05
"1145",1145,5.21633359714395e-05
"1146",1146,1.39229730301089e-05
"1147",1147,2.61617930304352e-05
"1148",1148,9.88631819303183e-06
"1149",1149,1.72413478283677e-05
"1150",1150,0.000124344437859421
"1151",1151,3.10719258377286e-05
"1152",1152,0.000103423031182605
"1153",1153,1.59463963131449e-05
"1154",1154,8.7192156666256e-05
"1155",1155,9.41275468884812e-06
"1156",1156,2.236798228848e-05
"1157",1157,1.25152247483707e-07
"1158",1158,0
"1159",1159,0
"1160",1160,5.46955403722206e-07
"1161",1161,1.46315426979861e-05
"1162",1162,3.89338965892765e-07
"1163",1163,4.07146610220367e-05
"1164",1164,5.71877176254655e-05
"1165",1165,6.51423610864696e-05
"1166",1166,9.65762632956448e-06
"1167",1167,1.48974295974918e-05
"1168",1168,1.5112072253938e-05
"1169",1169,2.2785567810333e-05
"1170",1170,6.27465487547863e-06
"1171",1171,4.59138223341536e-06
"1172",1172,7.80287542269807e-06
"1173",1173,3.55916223974933e-05
"1174",1174,5.05162590539537e-05
"1175",1175,6.95286078458543e-05
"1176",1176,1.85388591556278e-05
"1177",1177,4.03581134776677e-05
"1178",1178,0.000276310562515492
"1179",1179,0.000107130018306726
"1180",1180,0.000199441268961926
"1181",1181,8.14431362629734e-05
"1182",1182,4.99640816713414e-05
"1183",1183,4.89544808500131e-06
"1184",1184,2.96054295957827e-06
"1185",1185,0
"1186",1186,1.14479952419693e-05
"1187",1187,0
"1188",1188,0
"1189",1189,0
"1190",1190,0
"1191",1191,0.000111178422300609
"1192",1192,5.34448370944397e-05
"1193",1193,0.000500429233492716
"1194",1194,0.000415435837088801
"1195",1195,9.11700188989392e-05
"1196",1196,1.88551789920797e-05
"1197",1197,4.46579698221075e-06
"1198",1198,9.5037279790921e-06
"1199",1199,9.55539407581451e-06
"1200",1200,1.1301304907578e-06
"1201",1201,5.42569308296019e-06
"1202",1202,4.78574150341295e-06
"1203",1203,8.15315579170032e-05
"1204",1204,6.66492969783436e-05
"1205",1205,5.8715785847236e-06
"1206",1206,8.65715234489771e-05
"1207",1207,2.71086451685603e-05
"1208",1208,1.40500258973789e-05
"1209",1209,4.79471229538081e-05
"1210",1210,3.18387631119018e-05
"1211",1211,1.46026969154438e-05
"1212",1212,2.35785731766583e-05
"1213",1213,8.48529677299941e-05
"1214",1214,7.7301861588051e-05
"1215",1215,3.87177772219409e-06
"1216",1216,5.91352289121649e-05
"1217",1217,8.8570900772035e-06
"1218",1218,1.25399320515801e-05
"1219",1219,2.12131844126021e-05
"1220",1220,2.1981880527834e-05
"1221",1221,3.06512838354291e-05
"1222",1222,4.51889790012489e-05
"1223",1223,9.62602217421152e-05
"1224",1224,1.09920548308725e-05
"1225",1225,6.66551902338327e-06
"1226",1226,2.12108812898867e-05
"1227",1227,7.94879272288705e-06
"1228",1228,1.4459496258162e-05
"1229",1229,4.20009974600715e-05
"1230",1230,8.93641244115899e-05
"1231",1231,4.14145523073915e-05
"1232",1232,3.5528656483049e-05
"1233",1233,2.16550779763438e-05
"1234",1234,4.3085789038749e-05
"1235",1235,2.73139693709945e-05
"1236",1236,3.05498521366224e-05
"1237",1237,4.81314721450385e-05
"1238",1238,2.31944615727181e-05
"1239",1239,6.62103624868398e-05
"1240",1240,6.18826876157034e-05
"1241",1241,3.10343463136851e-05
"1242",1242,1.48160513924521e-05
"1243",1243,6.47798136978765e-05
"1244",1244,8.22670149844431e-05
"1245",1245,7.95794871016355e-05
"1246",1246,6.78080647508904e-05
"1247",1247,8.41402342801803e-05
"1248",1248,4.51849893977728e-05
"1249",1249,3.9267781815299e-05
"1250",1250,8.62280283519712e-05
"1251",1251,4.16460891036273e-05
"1252",1252,3.57809615087939e-05
"1253",1253,6.70051628073396e-05
"1254",1254,4.55659691732077e-05
"1255",1255,0.000146061544018174
"1256",1256,0.000135830924093756
"1257",1257,0.000515193453047137
"1258",1258,5.27786794090786e-06
"1259",1259,6.00962862776555e-05
"1260",1260,2.93983579955812e-06
"1261",1261,1.13902007953607e-05
"1262",1262,0.000114524662015679
"1263",1263,3.35336429771658e-05
"1264",1264,1.51174783888129e-05
"1265",1265,4.33581049800168e-05
"1266",1266,8.58770233836683e-05
"1267",1267,3.75013359354876e-05
"1268",1268,1.1642228112617e-06
"1269",1269,7.36094973307617e-05
"1270",1270,5.14513343388225e-05
"1271",1271,5.70817924030923e-05
"1272",1272,2.74651487945024e-05
"1273",1273,2.36782637518091e-05
"1274",1274,7.12604576816062e-06
"1275",1275,9.07542616825234e-05
"1276",1276,5.44048460436704e-06
"1277",1277,8.19648063911528e-06
"1278",1278,7.24730469973756e-05
"1279",1279,1.48359757130411e-05
"1280",1280,4.78634606396997e-05
"1281",1281,4.76017651946642e-06
"1282",1282,1.35652632753034e-05
"1283",1283,4.89376366008403e-05
"1284",1284,1.61479511815993e-05
"1285",1285,1.79443996833442e-05
"1286",1286,5.91194654172898e-05
"1287",1287,4.62506688511271e-05
"1288",1288,0.000233725073534851
"1289",1289,6.01375296235366e-05
"1290",1290,0.000312011899888248
"1291",1291,3.99730762764776e-05
"1292",1292,2.76707646327249e-05
"1293",1293,2.89969822136591e-05
"1294",1294,7.36247403251545e-05
"1295",1295,3.94910461238427e-05
"1296",1296,6.44683220743428e-05
"1297",1297,1.03835279306095e-05
"1298",1298,1.60888467130303e-05
"1299",1299,5.96349676239989e-05
"1300",1300,1.88647849510933e-05
"1301",1301,9.18769347101295e-05
"1302",1302,5.12185742673316e-05
"1303",1303,7.53878589881198e-05
"1304",1304,2.89320438548947e-05
"1305",1305,0.000109653159301221
"1306",1306,8.950758871265e-06
"1307",1307,2.91297866408946e-06
"1308",1308,5.54858801021711e-05
"1309",1309,7.07089361381263e-06
"1310",1310,2.6169616722334e-05
"1311",1311,3.77714585025656e-05
"1312",1312,2.3795224329139e-05
"1313",1313,1.27427964641904e-05
"1314",1314,1.44641286137487e-05
"1315",1315,1.65579764975569e-05
"1316",1316,3.42081445249238e-05
"1317",1317,2.58686385689789e-05
"1318",1318,0.000516389770674514
"1319",1319,2.81478394861531e-07
"1320",1320,2.06317402529437e-06
"1321",1321,2.0470488139407e-05
"1322",1322,1.4758863765462e-05
"1323",1323,6.64047798880165e-07
"1324",1324,4.98477676138841e-05
"1325",1325,0.000111571124570757
"1326",1326,2.96594370026644e-05
"1327",1327,0
"1328",1328,0
"1329",1329,0.000131914312392321
"1330",1330,1.91572940270715e-06
"1331",1331,4.40512555229499e-07
"1332",1332,1.66948694409008e-05
"1333",1333,2.22464821212395e-05
"1334",1334,0
"1335",1335,0
"1336",1336,4.89582605615422e-06
"1337",1337,5.04269568973146e-05
"1338",1338,3.19151484748808e-07
"1339",1339,2.73406557718158e-06
"1340",1340,0
"1341",1341,3.34196455181929e-06
"1342",1342,7.49671076469646e-07
"1343",1343,3.67749125871342e-07
"1344",1344,1.04845298665168e-06
"1345",1345,1.04862595883584e-05
"1346",1346,5.93593917528409e-05
"1347",1347,2.04335297759558e-05
"1348",1348,2.64577820306885e-05
"1349",1349,0
"1350",1350,9.00385523680064e-07
"1351",1351,4.75120198110536e-06
"1352",1352,1.27306743262105e-08
"1353",1353,4.21743044350713e-05
"1354",1354,0
"1355",1355,3.33476074983778e-06
"1356",1356,3.26702694973668e-06
"1357",1357,0
"1358",1358,1.84890442988711e-05
"1359",1359,5.63061193669422e-06
"1360",1360,9.71949930826762e-05
"1361",1361,8.76281082284692e-05
"1362",1362,4.58796087509924e-05
"1363",1363,3.61026128589299e-05
"1364",1364,7.83692009637904e-05
"1365",1365,0
"1366",1366,0
"1367",1367,3.24532736740278e-07
"1368",1368,3.74704151204556e-05
"1369",1369,2.56072967551879e-05
"1370",1370,0.000104226884766851
"1371",1371,6.82875733973125e-05
"1372",1372,6.63752833749912e-06
"1373",1373,6.30500567326923e-06
"1374",1374,1.70027809482872e-05
"1375",1375,5.97444097635311e-05
"1376",1376,1.86597922650534e-05
"1377",1377,9.3953975359776e-06
"1378",1378,0.000127172170072393
"1379",1379,6.31067907578626e-05
"1380",1380,9.68884817574184e-05
"1381",1381,9.62767953522176e-05
"1382",1382,4.83050861398793e-05
"1383",1383,2.42218988463014e-05
"1384",1384,1.17562423575108e-06
"1385",1385,6.70315999898866e-06
"1386",1386,3.92302893091895e-06
"1387",1387,0.000139177306316849
"1388",1388,2.59383184815564e-05
"1389",1389,6.55071044543451e-05
"1390",1390,3.00789169968715e-05
"1391",1391,6.86003279245876e-06
"1392",1392,3.40735685422216e-06
"1393",1393,0.000316017349711961
"1394",1394,3.94461130070426e-05
"1395",1395,3.95277221296442e-05
"1396",1396,3.78790035832096e-05
"1397",1397,0
"1398",1398,1.42265675099123e-05
"1399",1399,8.52331632799153e-05
"1400",1400,2.46778619727662e-06
"1401",1401,1.41569751569954e-05
"1402",1402,1.19311034992731e-06
"1403",1403,1.84930818696239e-05
"1404",1404,5.91998391855715e-05
"1405",1405,0.000113442818562068
"1406",1406,7.32806453508287e-05
"1407",1407,2.81983329871388e-05
"1408",1408,1.57593629660318e-05
"1409",1409,4.03688446966817e-05
"1410",1410,7.59903525113543e-05
"1411",1411,3.59827753359178e-05
"1412",1412,7.28576078450003e-05
"1413",1413,0.000138031063782763
"1414",1414,2.84188307522486e-05
"1415",1415,9.58439834487413e-06
"1416",1416,2.3607761136727e-05
"1417",1417,8.76142287792357e-05
"1418",1418,4.16574926710932e-06
"1419",1419,8.82830837923129e-06
"1420",1420,6.50833454784368e-07
"1421",1421,2.16532258906555e-05
"1422",1422,3.07320704852244e-05
"1423",1423,4.23546965718666e-05
"1424",1424,0.000102135046476354
"1425",1425,4.6905682481682e-05
"1426",1426,7.84055088214802e-05
"1427",1427,0.00011855441675072
"1428",1428,1.37332606954076e-05
"1429",1429,2.87929393420014e-05
"1430",1430,3.61139473621788e-05
"1431",1431,1.17692679029038e-05
"1432",1432,8.73767135846173e-06
"1433",1433,3.94827719856394e-05
"1434",1434,6.04657415344561e-05
"1435",1435,0
"1436",1436,1.75322602771341e-08
"1437",1437,1.59781235484651e-08
"1438",1438,2.63533249304708e-07
"1439",1439,0
"1440",1440,0
"1441",1441,2.42683685281552e-05
"1442",1442,9.49389781401763e-06
"1443",1443,5.76274355009442e-05
"1444",1444,1.58418443573839e-05
"1445",1445,3.07912735738812e-07
"1446",1446,2.34105740723544e-05
"1447",1447,1.30368526344298e-05
"1448",1448,0
"1449",1449,4.78597363995495e-06
"1450",1450,9.73548368905573e-06
"1451",1451,4.13653730522955e-05
"1452",1452,1.97614116925096e-05
"1453",1453,7.77126619918646e-05
"1454",1454,4.64988827566444e-05
"1455",1455,9.20857204129874e-05
"1456",1456,3.99279609179882e-05
"1457",1457,3.32093786872592e-05
"1458",1458,5.56974614558011e-05
"1459",1459,4.23531965234854e-05
"1460",1460,0.000152319339009786
"1461",1461,3.04867952815777e-05
"1462",1462,5.70635924084513e-05
"1463",1463,5.80582417650275e-05
"1464",1464,3.43119849995515e-05
"1465",1465,0.000110279141634533
"1466",1466,2.1199296678125e-05
"1467",1467,2.43614202724886e-05
"1468",1468,3.33445671750911e-05
"1469",1469,0.000234632357231734
"1470",1470,9.53168123056642e-05
"1471",1471,5.15476966362957e-05
"1472",1472,1.66772375848792e-05
"1473",1473,3.36205085014698e-05
"1474",1474,3.39630584034134e-05
"1475",1475,1.48490431341575e-05
"1476",1476,7.1519756505664e-05
"1477",1477,1.28879075042253e-05
"1478",1478,7.64374948597894e-05
"1479",1479,5.31367705360855e-05
"1480",1480,3.16155459010048e-06
"1481",1481,3.23542658694224e-05
"1482",1482,1.07871708394375e-05
"1483",1483,2.2910731693304e-05
"1484",1484,0.000394383539517887
"1485",1485,6.948319713441e-05
"1486",1486,2.9698640348205e-05
"1487",1487,1.26457998346955e-05
"1488",1488,8.09924631903205e-05
"1489",1489,3.09786366198714e-05
"1490",1490,7.07437783091775e-05
"1491",1491,4.61291290216216e-05
"1492",1492,3.98242080920236e-06
"1493",1493,9.60932111663574e-06
"1494",1494,1.71248842603802e-08
"1495",1495,5.034457614923e-05
"1496",1496,3.08317308790121e-06
"1497",1497,1.58281371134553e-05
"1498",1498,1.93157743264154e-05
"1499",1499,3.38374593428541e-06
"1500",1500,2.23032744739046e-05
"1501",1501,1.32485665750057e-05
"1502",1502,9.56301197192225e-05
"1503",1503,0
"1504",1504,3.76693809537136e-06
"1505",1505,2.83331018235544e-05
"1506",1506,5.92597504654232e-06
"1507",1507,7.10661384016885e-06
"1508",1508,1.08627222036399e-05
"1509",1509,0
"1510",1510,6.23028439347916e-05
"1511",1511,2.69944553256028e-05
"1512",1512,3.48752146990024e-05
"1513",1513,0
"1514",1514,0
"1515",1515,8.80446708525188e-06
"1516",1516,0.000122253220290155
"1517",1517,1.16987410424503e-05
"1518",1518,4.0708210991966e-05
"1519",1519,7.02246130755959e-05
"1520",1520,1.85246096500844e-05
"1521",1521,7.61894287625611e-05
"1522",1522,7.3989100165236e-05
"1523",1523,1.35336196708634e-05
"1524",1524,8.33277687747671e-05
"1525",1525,6.32497917952835e-05
"1526",1526,8.99151555454562e-05
"1527",1527,4.01895793379817e-05
"1528",1528,0
"1529",1529,5.09634493985234e-06
"1530",1530,2.07743010338645e-07
"1531",1531,1.31748146850914e-06
"1532",1532,4.09739248439791e-06
"1533",1533,2.00658907299409e-05
"1534",1534,5.90739776288502e-05
"1535",1535,3.01414462009532e-05
"1536",1536,6.93270335887711e-06
"1537",1537,3.31165855489252e-05
"1538",1538,3.70793099820907e-05
"1539",1539,3.39927879510032e-05
"1540",1540,1.1089248850745e-05
"1541",1541,5.56138542774146e-05
"1542",1542,4.67956329398582e-05
"1543",1543,2.77962930419113e-05
"1544",1544,9.52226421282795e-08
"1545",1545,3.70399968240553e-07
"1546",1546,7.00058877294051e-06
"1547",1547,1.66442727616293e-06
"1548",1548,2.72393413016687e-06
"1549",1549,3.82605859503238e-05
"1550",1550,1.82953737277344e-05
"1551",1551,1.73522476632971e-05
"1552",1552,0
"1553",1553,1.20999321934549e-05
"1554",1554,3.20640071095629e-06
"1555",1555,1.84701749938543e-05
"1556",1556,7.25179659044464e-06
"1557",1557,9.26836631859479e-05
"1558",1558,3.69005876648927e-06
"1559",1559,1.77073697380409e-05
"1560",1560,7.65301860133811e-05
"1561",1561,5.58416833888717e-05
"1562",1562,2.75945400835632e-05
"1563",1563,7.3029755433066e-05
"1564",1564,9.46081847426851e-05
"1565",1565,0.000122874032156208
"1566",1566,2.65553900553303e-05
"1567",1567,3.51140370420747e-08
"1568",1568,1.35953535258466e-05
"1569",1569,3.07783123429117e-05
"1570",1570,2.63138268584957e-05
"1571",1571,3.8539720138399e-05
"1572",1572,0.000118119307541577
"1573",1573,0.00015789365227101
"1574",1574,3.87238782115833e-05
"1575",1575,7.80411531728841e-05
"1576",1576,0
"1577",1577,0
"1578",1578,6.28015560034823e-05
"1579",1579,0.00013080256209669
"1580",1580,2.46351243749705e-06
"1581",1581,1.02258065904006e-05
"1582",1582,3.95414738968906e-05
"1583",1583,0
"1584",1584,1.00041240502417e-06
"1585",1585,2.76280526507352e-05
"1586",1586,0
"1587",1587,6.31777907995364e-05
"1588",1588,1.01044706756319e-05
"1589",1589,4.14966282150558e-06
"1590",1590,8.69115990184326e-05
"1591",1591,0
"1592",1592,0.000169929556773987
"1593",1593,0
"1594",1594,7.99275664791509e-06
"1595",1595,7.50099056895732e-06
"1596",1596,5.74058607886578e-05
"1597",1597,1.9654401668798e-05
"1598",1598,1.40179565689105e-05
"1599",1599,0
"1600",1600,5.08544639393554e-06
"1601",1601,3.38715949770145e-05
"1602",1602,2.68125669987394e-05
"1603",1603,4.30521432655913e-05
"1604",1604,7.4936250340929e-05
"1605",1605,0.000157086211929995
"1606",1606,1.25837827550928e-05
"1607",1607,7.8467966485548e-05
"1608",1608,7.59135139988911e-06
"1609",1609,7.06053607310061e-06
"1610",1610,3.56001853260946e-05
"1611",1611,8.18318308728774e-05
"1612",1612,0
"1613",1613,0.00019616972818215
"1614",1614,7.05639639111997e-05
"1615",1615,7.10436649025036e-05
"1616",1616,0.000216538406136817
"1617",1617,3.65518756755625e-05
"1618",1618,0.000120310251381733
"1619",1619,9.88092578113918e-05
"1620",1620,0.000280878364932553
"1621",1621,0.000416432199808653
"1622",1622,0.000301635144956477
"1623",1623,0.000248010514800442
"1624",1624,0.000128051890786835
"1625",1625,3.40845052191265e-05
"1626",1626,1.93179484327803e-05
"1627",1627,8.14722348541809e-05
"1628",1628,0.000112587934567543
"1629",1629,0.00011431667526507
"1630",1630,0.00034564180182783
"1631",1631,0.000135938859260319
"1632",1632,0.000438153358174546
"1633",1633,0.000106711274630972
"1634",1634,5.30919725994136e-05
"1635",1635,0.000249886449960098
"1636",1636,0.000225370204830535
"1637",1637,1.84030585995084e-07
"1638",1638,0.00029033898768211
"1639",1639,0.000743325842919816
"1640",1640,0.000770419375325628
"1641",1641,0.000202304515522726
"1642",1642,0.000118472008316474
"1643",1643,0.000104835112686637
"1644",1644,0.000315508407630441
"1645",1645,0.000415190631076618
"1646",1646,5.28523860179124e-05
"1647",1647,0.000419398194428446
"1648",1648,0.000226905157638246
"1649",1649,0.000387333638811791
"1650",1650,0.000185034762673865
"1651",1651,0.000381821064020945
"1652",1652,9.66325883040754e-05
"1653",1653,7.37769203505762e-06
"1654",1654,0.000597680803381472
"1655",1655,2.5804913139543e-05
"1656",1656,0.000204797089756462
"1657",1657,4.88407703499124e-05
"1658",1658,0.000107937510559
"1659",1659,1.10999405982954e-05
"1660",1660,0.000359072760371814
"1661",1661,0.000445727265197754
"1662",1662,0.00017374533162289
"1663",1663,0.000340555596270689
"1664",1664,0
"1665",1665,2.89084105986771e-06
"1666",1666,0.000192691123303284
"1667",1667,0.000106692316393343
"1668",1668,6.88500091211532e-05
"1669",1669,6.43540546350713e-06
"1670",1670,0.00010283862514267
"1671",1671,0.000354262276488531
"1672",1672,0.000508186866340101
"1673",1673,0.000827129980697618
"1674",1674,0.000163497312459287
"1675",1675,0.000488697553152098
"1676",1676,0.000283184279169291
"1677",1677,5.152331173275e-05
"1678",1678,0.000131558584929977
"1679",1679,7.93031277088835e-05
"1680",1680,0.000150773704995328
"1681",1681,0.000324515049116379
"1682",1682,3.60893947896755e-05
"1683",1683,0.000152587584132508
"1684",1684,0.00014724024713646
"1685",1685,3.80722917659045e-08
"1686",1686,0.000288965280600234
"1687",1687,6.65612093564366e-05
"1688",1688,0.000251391115121071
"1689",1689,0.000423841167403919
"1690",1690,1.17242700113355e-05
"1691",1691,9.28973272586097e-05
"1692",1692,0.000229686731941071
"1693",1693,0.000504601124033667
"1694",1694,7.10470106572256e-05
"1695",1695,9.74376180054078e-05
"1696",1696,7.48374097567267e-05
"1697",1697,0.000290757727803901
"1698",1698,0.000132955821836434
"1699",1699,0.00031277551435475
"1700",1700,4.260678396265e-05
"1701",1701,9.05729032759098e-05
"1702",1702,9.39861114495052e-07
"1703",1703,8.183665731971e-05
"1704",1704,0.000215201449984481
"1705",1705,0.000304404199871167
"1706",1706,0.000173188521217699
"1707",1707,5.27683214386343e-05
"1708",1708,7.52568215346457e-05
"1709",1709,7.5427591742664e-05
"1710",1710,0.000405370703547274
"1711",1711,0.000249968485816111
"1712",1712,2.33137164236196e-05
"1713",1713,1.33696675713609e-05
"1714",1714,0
"1715",1715,0.000883998070297726
"1716",1716,0.000243517197978982
"1717",1717,2.7839630298124e-05
"1718",1718,0.000120368864618856
"1719",1719,0.000463766332484992
"1720",1720,0.00025825489087312
"1721",1721,0.000393037837851437
"1722",1722,8.31696572541719e-05
"1723",1723,4.2423772517732e-05
"1724",1724,4.62669526420399e-06
"1725",1725,0.000662624823338865
"1726",1726,0.000219963835371833
"1727",1727,0.000696248762995054
"1728",1728,0.000265855346243326
"1729",1729,0.000719106418340495
"1730",1730,0.000137507783906066
"1731",1731,0.000305033092574298
"1732",1732,0.000146008014105078
"1733",1733,0.000331950935652254
"1734",1734,7.28908510027248e-05
"1735",1735,4.82330215513834e-06
"1736",1736,0.00031895260155402
"1737",1737,0
"1738",1738,0.000932426919206261
"1739",1739,6.64943045992494e-06
"1740",1740,1.04455319209541e-05
"1741",1741,0.000218921567166401
"1742",1742,8.95961900555754e-06
"1743",1743,0.000214044911494416
"1744",1744,0.000210801573726382
"1745",1745,6.72239819909907e-07
"1746",1746,0.000316753659280726
"1747",1747,0.000165787722683463
"1748",1748,0.000145294887106157
"1749",1749,0.0003591697345872
"1750",1750,0.00307902839783048
"1751",1751,0.000486910102459965
"1752",1752,0.000303406956734871
"1753",1753,4.73953132437537e-06
"1754",1754,0.000185227497301577
"1755",1755,4.51673512764546e-05
"1756",1756,9.12075339962012e-05
"1757",1757,0.000312049522730199
"1758",1758,0.000331893447598975
"1759",1759,0.000578501802724304
"1760",1760,0.000156386327688732
"1761",1761,8.58695859885569e-05
"1762",1762,0.000195806454084269
"1763",1763,0.000642784322709664
"1764",1764,0.000691945330380086
"1765",1765,0.000497046710287294
"1766",1766,8.43054648450622e-05
"1767",1767,0.000217674206607201
"1768",1768,1.51142939101307e-05
"1769",1769,7.85076851114853e-05
"1770",1770,2.14125652972952e-05
"1771",1771,0.00014490934567822
"1772",1772,0.000144379586751295
"1773",1773,2.76542017274651e-05
"1774",1774,1.72870514181311e-05
"1775",1775,0.000207910019160369
"1776",1776,3.73445571989906e-05
"1777",1777,0.000288527838384732
"1778",1778,5.64037856838454e-05
"1779",1779,0.000268269852011941
"1780",1780,0.000292350124995086
"1781",1781,5.56792215274071e-05
"1782",1782,0.000142555600822836
"1783",1783,0.000109585753505769
"1784",1784,8.29084152760578e-05
"1785",1785,5.01572623792054e-06
"1786",1786,4.0197283542456e-06
"1787",1787,0.00024099547492176
"1788",1788,0.000147934199710147
"1789",1789,0.000153148178579975
"1790",1790,2.17536950612018e-06
"1791",1791,0.000269326831729394
"1792",1792,0.000210584791905994
"1793",1793,0.000355619615487308
"1794",1794,0.00026133159861056
"1795",1795,0.000130171675075099
"1796",1796,0.000536542166534621
"1797",1797,0.000247380911077659
"1798",1798,0.000617721506328528
"1799",1799,0.000617097362611542
"1800",1800,3.42512410288109e-05
"1801",1801,7.49728838380132e-06
"1802",1802,9.62649647081368e-05
"1803",1803,8.55709592950335e-05
"1804",1804,6.44558670583268e-05
"1805",1805,2.06128669731227e-05
"1806",1806,0.000358049471173294
"1807",1807,0.000213075618240619
"1808",1808,0.000668417776878902
"1809",1809,0.000524972467710538
"1810",1810,0.000191103190573943
"1811",1811,5.09865789372917e-05
"1812",1812,0.000265793099024924
"1813",1813,0.00034784214564706
"1814",1814,0.000205936084667182
"1815",1815,0.00186838023701106
"1816",1816,0.000477733205822412
"1817",1817,0.000576099319431906
"1818",1818,0.000306215958354832
"1819",1819,0.000142524594762014
"1820",1820,0.000709622409171598
"1821",1821,0.000449085114511311
"1822",1822,0.0003512742854472
"1823",1823,7.57295478309434e-05
"1824",1824,0.000148180767106358
"1825",1825,9.68458119788756e-05
"1826",1826,9.48494931530792e-06
"1827",1827,6.78023528689546e-05
"1828",1828,0.000322365135037857
"1829",1829,0.000618633305639763
"1830",1830,0.000156369022449696
"1831",1831,4.6885304945688e-05
"1832",1832,0.000200425404551472
"1833",1833,0.00247995667345517
"1834",1834,0.000395019658830027
"1835",1835,0.000187194894161929
"1836",1836,0.00179952191418883
"1837",1837,7.38059676992908e-05
"1838",1838,0.000159756161376302
"1839",1839,0.000478008482754293
"1840",1840,0.000135132976575639
"1841",1841,0.000320242412231902
"1842",1842,0.000398269552031917
"1843",1843,0.000244319887356097
"1844",1844,0.000136418323504374
"1845",1845,0.000195546917803066
"1846",1846,0.00066972004174274
"1847",1847,0.000151419099186205
"1848",1848,0.000444932957108076
"1849",1849,0.00025483836525261
"1850",1850,0.000178486228292031
"1851",1851,0.000355428044053582
"1852",1852,0.000316712293585884
"1853",1853,0.000121190508187158
"1854",1854,0.000712812883753238
"1855",1855,0.000357605695828858
"1856",1856,0.000168261082226182
"1857",1857,0.000952937222543195
"1858",1858,0.000209017814731292
"1859",1859,0.000477747269105374
"1860",1860,9.7584812093633e-06
"1861",1861,0.00037317418398165
"1862",1862,0.000146214630066869
"1863",1863,4.47354957532281e-05
"1864",1864,2.41942548980465e-05
"1865",1865,0.000177275388506228
"1866",1866,0.000422604996739261
"1867",1867,8.91679484867427e-05
"1868",1868,0.000156354403255632
"1869",1869,7.12360902695372e-05
"1870",1870,0.000414616634945923
"1871",1871,0.000275155119967778
"1872",1872,1.41139217465811e-06
"1873",1873,5.6996001855681e-05
"1874",1874,0.000121617021268497
"1875",1875,0.000588445891081121
"1876",1876,6.18991848301389e-05
"1877",1877,0.000299313290794698
"1878",1878,0.000170870520620747
"1879",1879,0.000339340267582457
"1880",1880,0.000142146891919273
"1881",1881,7.66486368167365e-05
"1882",1882,0.000280139318668677
"1883",1883,2.50404979650681e-05
"1884",1884,0.000533816287421544
"1885",1885,0.000190275957468111
"1886",1886,0.000260007397629248
"1887",1887,5.84007615776419e-06
"1888",1888,6.05049067700385e-08
"1889",1889,2.98932918959783e-05
"1890",1890,0.000334131197258065
"1891",1891,0.000611655910898185
"1892",1892,3.59390709282082e-05
"1893",1893,7.4968333311144e-05
"1894",1894,6.60339897144241e-05
"1895",1895,7.72694762451231e-05
"1896",1896,4.27565676773541e-05
"1897",1897,0.000236690170870271
"1898",1898,0.000142984091131321
"1899",1899,7.34738822421832e-05
"1900",1900,5.56520569280839e-05
"1901",1901,9.51041863137941e-06
"1902",1902,3.36925133765859e-05
"1903",1903,0.000564428137923619
"1904",1904,0.000125176952927225
"1905",1905,0.00257838423897671
"1906",1906,0.000280357194770007
"1907",1907,0.00112737641524757
"1908",1908,0.000578486790911615
"1909",1909,0.00126008157275522
"1910",1910,0.00043935953350809
"1911",1911,0.00288923030122419
"1912",1912,0.00050316957751425
"1913",1913,0.000515240094214465
"1914",1914,0.000329075068237518
"1915",1915,0.000549809958240692
"1916",1916,0.000195205227869172
"1917",1917,0.000372682928862629
"1918",1918,0.000158503742311622
"1919",1919,0.00107145423467768
"1920",1920,0.000900171388946547
"1921",1921,0.00101952692670626
"1922",1922,0.00031606207878828
"1923",1923,0.000147462344335838
"1924",1924,3.30238128773335e-05
"1925",1925,0.000158627360986026
"1926",1926,9.20559417418977e-05
"1927",1927,6.60928715221789e-05
"1928",1928,0.000220803517811461
"1929",1929,4.61240899753266e-05
"1930",1930,1.07559712511257e-05
"1931",1931,7.54887382190738e-05
"1932",1932,0.000561579820530529
"1933",1933,0.00047138323595586
"1934",1934,0.000282930108710687
"1935",1935,0.000358030932688634
"1936",1936,6.73336113868862e-05
"1937",1937,0.00248894656601188
"1938",1938,0.000298893557542898
"1939",1939,0.000692137702019126
"1940",1940,0.000782533008726893
"1941",1941,7.79236804659995e-05
"1942",1942,0.000165772956621533
"1943",1943,1.01234291773866e-05
"1944",1944,0.000449268005043547
"1945",1945,0.000169618942921632
"1946",1946,0.000337169141270567
"1947",1947,0.000770244309240065
"1948",1948,0.000126399376250744
"1949",1949,0.000856017980891569
"1950",1950,0.000102476675731539
"1951",1951,0.000254608528099553
"1952",1952,0.000204911797280222
"1953",1953,0.000332599184971421
"1954",1954,0.000568682627701989
"1955",1955,0.000379634989621701
"1956",1956,0.000103705342856835
"1957",1957,0.000298834401087634
"1958",1958,6.81117010103851e-05
"1959",1959,1.73713635036239e-05
"1960",1960,8.79717500732044e-05
"1961",1961,7.15595072550266e-05
"1962",1962,4.46678612151684e-05
"1963",1963,0.000572314152804118
"1964",1964,4.99269572207899e-05
"1965",1965,0.000189783623679748
"1966",1966,0.000185471985723613
"1967",1967,0.000406644388374525
"1968",1968,0.000491857810688394
"1969",1969,0.000686642164224428
"1970",1970,0.00258728025399173
"1971",1971,0.000218765402345376
"1972",1972,0.000395840524827144
"1973",1973,0.000293593323303156
"1974",1974,0.000259795833152321
"1975",1975,0.000441332511407553
"1976",1976,0.00164959381634717
"1977",1977,0.000127285806701252
"1978",1978,0.000533201981347307
"1979",1979,5.34014725954921e-05
"1980",1980,0.000226257902836015
"1981",1981,7.24290167829898e-06
"1982",1982,0.000103153845719488
"1983",1983,0.000101560569032243
"1984",1984,4.11067654310648e-05
"1985",1985,0.000226376114982241
"1986",1986,0.0006762426931698
"1987",1987,0.000633524786729812
"1988",1988,8.70466497115362e-05
"1989",1989,0.000110504396888063
"1990",1990,9.42155013237258e-05
"1991",1991,3.8804591394593e-05
"1992",1992,0.00256310524632789
"1993",1993,5.25908152359855e-13
"1994",1994,0.00050758354129333
"1995",1995,0.000304755528423568
"1996",1996,0.00199173281989702
"1997",1997,0.00138116616398676
"1998",1998,0.000256204324210186
"1999",1999,0.000248790357710876
"2000",2000,0.00025000809057018
"2001",2001,0.000258466920529643
"2002",2002,8.32765020079324e-05
"2003",2003,0.00010437520750661
"2004",2004,0.000286496504438375
"2005",2005,0.000436531282363051
"2006",2006,7.3892959573738e-05
"2007",2007,0.000421813229308714
"2008",2008,0.000542348450619443
"2009",2009,0.00124068932948993
"2010",2010,0.000467661397132333
"2011",2011,0.000367473889578585
"2012",2012,0.00017761318983363
"2013",2013,0.000315275368309611
"2014",2014,0.000109995014186066
"2015",2015,0.000224519540397316
"2016",2016,0.000223473047642982
"2017",2017,0.000276822540990839
"2018",2018,0.000122504460796993
"2019",2019,0.000155308456932648
"2020",2020,9.64109080258719e-05
"2021",2021,2.18091020459086e-06
"2022",2022,0.00159803964900189
"2023",2023,0.000171317955889787
"2024",2024,0.000126043878271059
"2025",2025,0.000171453603366414
"2026",2026,3.18811315757668e-05
"2027",2027,0.000134365219896808
"2028",2028,0.000654870910774227
"2029",2029,0.000322022108953029
"2030",2030,0.00039331459860115
"2031",2031,0.00139932118370387
"2032",2032,0.000320284268755656
"2033",2033,0.000284126993886277
"2034",2034,0.000221193670384231
"2035",2035,0.000263249914763451
"2036",2036,0.00144811122618907
"2037",2037,0.000195959109303699
"2038",2038,0.000209884142161518
"2039",2039,0.00029613840805052
"2040",2040,0.000388427303614125
"2041",2041,2.44793539985876e-05
"2042",2042,0.000528598758411085
"2043",2043,8.95707757529329e-06
"2044",2044,8.68987957038759e-05
"2045",2045,0.00071734236965841
"2046",2046,0.000202126881124093
"2047",2047,0.000193982059701892
"2048",2048,0.000191424552050424
"2049",2049,0.000141656000594153
"2050",2050,0
"2051",2051,0.00296471175519475
"2052",2052,0.000626972231489418
"2053",2053,0.000525727259457516
"2054",2054,0.000301947848321169
"2055",2055,0.000146610507551128
"2056",2056,6.65505184521091e-06
"2057",2057,0.000332078962257638
"2058",2058,0.000373393631958419
"2059",2059,2.06083094491711e-05
"2060",2060,0.000361194791850151
"2061",2061,0.00082917438577877
"2062",2062,5.70487642809316e-05
"2063",2063,0.000295336349610821
"2064",2064,9.89148910661992e-05
"2065",2065,0.000125547501589065
"2066",2066,0.000108094101894984
"2067",2067,3.66022398502101e-05
"2068",2068,2.99121027754627e-05
"2069",2069,0.000234468151984462
"2070",2070,8.50364061188976e-05
"2071",2071,6.15839389646775e-05
"2072",2072,1.2000152243392e-05
"2073",2073,0.00132957460809551
"2074",2074,9.09985809125691e-05
"2075",2075,0.000640596115108144
"2076",2076,0.000175765084101906
"2077",2077,0.00120431395748211
"2078",2078,0.000357062650340454
"2079",2079,8.26424383412056e-05
"2080",2080,0.000364736112072997
"2081",2081,0.00122417583608062
"2082",2082,3.88216241888918e-05
"2083",2083,0.00039243643936611
"2084",2084,0.000314834937119471
"2085",2085,8.72448015025565e-05
"2086",2086,0.000443833290525278
"2087",2087,0.00167346601602943
"2088",2088,0.000107720315995972
"2089",2089,5.56438422014142e-05
"2090",2090,0.000135908167096041
"2091",2091,0.000286755965945446
"2092",2092,0.000199353262789129
"2093",2093,0.00215236423428978
"2094",2094,2.37477026649975e-05
"2095",2095,4.28403682882145e-05
"2096",2096,7.13406966945268e-06
"2097",2097,9.36956524524007e-05
"2098",2098,0.000429378054244332
"2099",2099,2.23318267903104e-05
"2100",2100,7.961982048125e-05
