,GEOID,flood_area
1,10001040100,4.05117033
2,10001040201,0.920161645
3,10001040203,13.19519402
4,10001040204,0.384118832
5,10001040205,0.008746187
6,10001040206,0.707687202
7,10001040501,0.445687623
8,10001040502,5.658541836
9,10001040700,0.600816707
10,10001040900,0.279528378
11,10001041000,4.208824341
12,10001041101,0.805948112
13,10001041200,1.364633598
14,10001041300,0.459061229
15,10001041400,0.226377474
16,10001041500,0.287832382
17,10001041600,0.132464182
18,10001041701,0.280316812
19,10001041702,0.775541261
20,10001041802,2.409381056
21,10001041803,1.466625248
22,10001041804,2.409974137
23,10001042203,2.834756682
24,10001042204,0.496189346
25,10001042205,0.45393682
26,10001042206,0.667456509
27,10001042207,1.196192649
28,10001042208,1.81939462
29,10001042500,1.838528643
30,10001042802,3.885702043
31,10001042900,2.370295067
32,10001043000,3.40849282
33,10001043202,224.1454374
34,10001043300,1.18222726
35,10001043400,5.294306369
36,10001980000,2.025198242
37,10003000200,0.063199556
38,10003000400,0.06916699
39,10003000500,0.01476983
40,10003000601,0.07934859
41,10003000602,0.131012103
42,10003000900,0.068424147
43,10003001100,0.027162913
44,10003001300,0.11353851
45,10003001902,3.449148273
46,10003002400,0.001819736
47,10003002500,0.001939897
48,10003002600,0.000237632
49,10003002700,0.732706969
50,10003002800,0.044570712
51,10003002900,0.604532595
52,10003003002,0.445985564
53,10003010104,0.823177276
54,10003010105,0.235044187
55,10003010200,0.047007437
56,10003010300,0.067835046
57,10003010400,0.021979824
58,10003010502,0.227949111
59,10003010704,0.931110834
60,10003010800,0.317437432
61,10003010900,0.218395091
62,10003011000,0.056856463
63,10003011100,0.07340028
64,10003011202,0.07895473
65,10003011203,0.024575835
66,10003011204,0.244299952
67,10003011205,0.026663479
68,10003011206,0.051576031
69,10003011400,0.291374522
70,10003011500,0.00873124
71,10003011600,0.00139457
72,10003011700,0.981870833
73,10003011800,1.771508742
74,10003011900,0.493655417
75,10003012000,0.34744008
76,10003012100,0.206818328
77,10003012200,0.137646806
78,10003012300,0.17469977
79,10003012400,0.68576054
80,10003012500,0.259063951
81,10003012600,0.094469525
82,10003012700,3.34092503
83,10003012900,1.794853969
84,10003013000,0.203821518
85,10003013100,0.097870691
86,10003013200,0.010069566
87,10003013300,0.050125932
88,10003013400,0.057220742
89,10003013501,1.098441883
90,10003013505,0.053844221
91,10003013506,0.066411822
92,10003013507,0.153700441
93,10003013508,0.435783509
94,10003013604,0.23886882
95,10003013607,0.300163367
96,10003013608,0.060083091
97,10003013610,1.068498004
98,10003013611,0.026508062
99,10003013612,0.185188999
100,10003013613,0.212044941
101,10003013614,0.418451203
102,10003013615,1.21893277
103,10003013700,0.491904113
104,10003013800,4.381911775
105,10003013901,0.013070634
106,10003013903,0.524234474
107,10003013905,0.519209034
108,10003013906,0.119334363
109,10003014000,0.155412668
110,10003014100,0.217213058
111,10003014200,0.28652218
112,10003014301,0.858435303
113,10003014302,0.180298127
114,10003014402,0.467303348
115,10003014403,0.001111642
116,10003014404,0.839086079
117,10003014501,0.102508181
118,10003014702,0.249609914
119,10003014703,0.232664111
120,10003014706,0.576167455
121,10003014803,0.636283765
122,10003014808,1.709962945
123,10003014809,0.242931487
124,10003014810,1.151651974
125,10003014813,0.002870903
126,10003014814,0.416419075
127,10003014903,0.502933237
128,10003014906,0.389600496
129,10003014907,0.310867029
130,10003015000,3.890335674
131,10003015100,0.316322722
132,10003015200,3.387666548
133,10003015400,0.555514683
134,10003015502,0.837837057
135,10003015802,1.022249395
136,10003015900,0.110726972
137,10003016000,0.076237919
138,10003016100,1.919997842
139,10003016200,1.738741405
140,10003016301,0.176355005
141,10003016306,0.144017648
142,10003016307,0.157177352
143,10003016308,4.57675118
144,10003016309,0.621633715
145,10003016401,1.109119163
146,10003016404,8.384744676
147,10003016608,27.52167071
148,10003016611,0.748568449
149,10003016612,1.755994209
150,10003016613,0.237844717
151,10003016614,1.666914349
152,10003016806,0.94935628
153,10003016807,13.60420694
154,10003016808,3.466077816
155,10003016901,3.367612354
156,10003016904,40.26098229
157,10005050101,1.142080807
158,10005050103,77.95160685
159,10005050104,0.734297652
160,10005050105,2.519124102
161,10005050801,3.727359137
162,10005050805,1.243259683
163,10005050806,3.80578575
164,10005050807,0.12357224
165,10005050808,0.205425722
166,10005050903,2.949433783
167,10005050904,0.311635757
168,10005050905,47.71364233
169,34001011300,0.274977198
170,34005700102,0.153133816
171,34005700103,0.764973217
172,34005700104,1.267478108
173,34005700200,0.496593862
174,34005700303,1.926601728
175,34005700304,0.563124374
176,34005700305,0.664435088
177,34005700306,0.141824617
178,34005700307,0.306741332
179,34005700401,0.232298181
180,34005700402,0.255431506
181,34005700403,0.06853003
182,34005700405,0.037076595
183,34005700407,0.207833244
184,34005700408,0.313412384
185,34005700501,0.516382066
186,34005700502,0.797079336
187,34005700503,0.393018815
188,34005700504,0.125783087
189,34005700505,2.02439406
190,34005700602,1.302098093
191,34005700603,1.309232602
192,34005700605,0.047837536
193,34005700701,0.330406064
194,34005700702,0.023352
195,34005700703,0.91756891
196,34005700800,2.242817198
197,34005700900,0.282991469
198,34005701001,0.046804869
199,34005701002,0.012996417
200,34005701102,0.258807032
201,34005701103,2.176316261
202,34005701104,0.980017095
203,34005701105,0.354565101
204,34005701201,1.277507557
205,34005701203,2.450071017
206,34005701204,0.787190657
207,34005701205,1.798842367
208,34005701301,0.202148357
209,34005701302,0.131279664
210,34005701303,1.192413016
211,34005701401,5.021606618
212,34005701402,0.321563734
213,34005701502,1.786849044
214,34005701700,0.374047411
215,34005702101,0.310765449
216,34005702203,5.970635128
217,34005702204,2.902814923
218,34005702206,4.591085378
219,34005702207,2.859222719
220,34005702208,9.823255905
221,34005702209,0.962199526
222,34005702210,0.215692634
223,34005702300,0.334140354
224,34005702400,9.532407181
225,34005702500,2.196940214
226,34005702601,0.202658446
227,34005702603,0.458783631
228,34005702701,0.620238663
229,34005702702,3.489267069
230,34005702801,0.118078615
231,34005702802,0.168309002
232,34005702803,0.215441456
233,34005702804,0.108086267
234,34005702805,0.111134655
235,34005702806,0.116206718
236,34005702807,0.155649827
237,34005702808,0.149305525
238,34005702809,0.109485797
239,34005702810,0.956861644
240,34005702811,0.298691727
241,34005702905,1.033328608
242,34005702906,1.338685892
243,34005702907,0.594350334
244,34005702908,0.724571524
245,34005702909,0.952563989
246,34005702910,2.58187029
247,34005702913,0.127272422
248,34005702914,0.582692081
249,34005702915,0.101107802
250,34005702917,0.058597096
251,34005702918,0.199196275
252,34005703000,4.038432613
253,34005703102,2.671007681
254,34005703103,1.973803626
255,34005703104,0.921738829
256,34005703201,11.8071517
257,34005703202,8.248841691
258,34005703203,0.882920201
259,34005703801,4.698851535
260,34005703802,3.145566248
261,34005703803,1.230882902
262,34005703804,5.711714595
263,34005703900,0.311732441
264,34005704004,0.297805039
265,34005704005,0.361555453
266,34005704006,0.023597841
267,34005704007,0.237525739
268,34005704008,1.611371729
269,34005704009,1.441985522
270,34005704011,1.402136644
271,34005704012,0.770551358
272,34005704013,0.205279388
273,34005704015,0.58693465
274,34005704016,0.680973471
275,34005704201,0.628571633
276,34005704202,2.086733849
277,34005704302,3.265067216
278,34005704500,3.005390074
279,34005704600,0.972925818
280,34005704801,2.57955548
281,34005981802,0.236210822
282,34005982111,0.259069054
283,34007600200,0.429298046
284,34007600400,0.250752034
285,34007600700,0.498782096
286,34007600800,0.16226171
287,34007600900,0.973559233
288,34007601000,0.593134705
289,34007601101,0.000470179
290,34007601102,0.00568193
291,34007601300,1.009047465
292,34007601400,0.381131087
293,34007601500,0.02480954
294,34007601600,0.216518163
295,34007601700,0.069106428
296,34007601800,1.557749331
297,34007601900,0.387347546
298,34007602000,0.943414645
299,34007602503,0.273402881
300,34007602601,1.78959575821646e-05
301,34007602901,0.525897583
302,34007602902,0.095901493
303,34007603201,0.300561943
304,34007603202,0.795006341
305,34007603301,0.004876465
306,34007603302,0.368493219
307,34007603400,0.594778806
308,34007603501,1.036566244
309,34007603503,0.182935343
310,34007603504,0.158279593
311,34007603505,0.501795922
312,34007603506,0.502462714
313,34007603507,0.396687124
314,34007603601,0.337640322
315,34007603602,0.203823566
316,34007603603,0.211127846
317,34007603700,0.429612024
318,34007603800,0.294922914
319,34007603901,0.17059324
320,34007603902,0.082734067
321,34007604100,0.243037137
322,34007604200,0.248108963
323,34007604300,0.048109115
324,34007604400,0.150349291
325,34007604600,0.048526592
326,34007604700,0.092285777
327,34007605100,0.537413662
328,34007605200,0.265857435
329,34007605300,0.617361135
330,34007605400,0.182070615
331,34007605602,0.008773932
332,34007605800,0.021277746
333,34007605900,0.009417435
334,34007606100,0.005982041
335,34007606200,0.221959985
336,34007606300,0.296075457
337,34007606400,0.170442963
338,34007606500,0.216999712
339,34007606700,0.000827687
340,34007606800,0.126308275
341,34007607000,0.536885103
342,34007607100,0.449051229
343,34007607200,0.145125131
344,34007607300,0.072521015
345,34007607401,0.035250216
346,34007607402,0.237108529
347,34007607502,0.432108552
348,34007607503,0.547029596
349,34007607504,0.467802926
350,34007607505,0.097014148
351,34007607506,0.002434791
352,34007607507,0.366619599
353,34007607600,0.363805848
354,34007607701,0.006816685
355,34007607702,0.172288622
356,34007607801,0.20848469
357,34007607802,0.075841039
358,34007607900,0.050417312
359,34007608001,0.024604244
360,34007608202,0.252862413
361,34007608205,0.177484963
362,34007608206,0.340978169
363,34007608209,0.065307774
364,34007608210,0.157842262
365,34007608211,0.015148108
366,34007608302,0.401894156
367,34007608303,0.305029495
368,34007608304,0.226901616
369,34007608403,0.113726586
370,34007608404,0.362620563
371,34007608503,0.005707336
372,34007608600,0.2435783
373,34007610300,1.403492822
374,34007610400,0.181423861
375,34007610500,1.401686079
376,34007610600,1.184131958
377,34007610800,1.485711965
378,34007610900,0.11704657
379,34007611000,1.767471767
380,34007611100,0.347633418
381,34007611200,0.278417084
382,34007611300,0.358747023
383,34007611400,0.311712313
384,34007611600,0.333635748
385,34007611700,0.304245881
386,34009020500,0.529766853
387,34009020600,31.01647805
388,34009021002,45.32286308
389,34009021803,2.638745377
390,34009021804,12.67950293
391,34009021805,5.535327578
392,34009021806,3.449895123
393,34009021900,14.33484072
394,34009022101,5.555281221
395,34009022102,7.683817488
396,34011010101,73.19784431
397,34011010103,1.593559084
398,34011010200,43.14176127
399,34011010301,41.35935954
400,34011010302,89.99184975
401,34011010401,52.64093069
402,34011010500,30.9790987
403,34011010600,11.39981772
404,34011010701,0.829651409
405,34011010702,1.480521676
406,34011010800,2.161591291
407,34011020100,0.300402469
408,34011020200,0.085095669
409,34011020301,0.092862665
410,34011020302,0.102725639
411,34011020400,0.298083892
412,34011020503,0.390138198
413,34011020600,0.789690077
414,34011030100,0.002522504
415,34011030200,0.413146468
416,34011030300,0.632443068
417,34011030401,0.380980603
418,34011030402,3.62727361
419,34011030501,2.558903356
420,34011030502,4.168881215
421,34011040500,0.104708849
422,34011040601,0.076878707
423,34011040602,0.03878917
424,34011040702,0.31891201
425,34011040800,2.273860048
426,34011040901,2.803010272
427,34011040902,2.905858481
428,34011041001,4.155556055
429,34011041002,2.585729136
430,34011041101,0.012352314
431,34015500100,0.750948915
432,34015500201,1.977748742
433,34015500202,0.427399476
434,34015500203,0.359295164
435,34015500204,0.754945816
436,34015500205,4.412800218
437,34015500300,0.998166145
438,34015500400,2.499242545
439,34015500500,18.3981531
440,34015500601,1.395674743
441,34015500602,1.343234334
442,34015500702,1.015522463
443,34015500703,0.797073007
444,34015500704,0.20497894
445,34015500705,0.357347648
446,34015500800,0.231597653
447,34015500900,0.055647327
448,34015501001,0.086295971
449,34015501002,0.261573256
450,34015501003,0.123388894
451,34015501101,0.158266396
452,34015501102,0.837663208
453,34015501103,0.84965171
454,34015501105,0.284413111
455,34015501106,0.635106935
456,34015501107,0.084121963
457,34015501201,0.320795968
458,34015501203,0.023410514
459,34015501204,0.255878653
460,34015501205,0.023337178
461,34015501208,0.424853027
462,34015501209,0.481466451
463,34015501210,0.106758754
464,34015501212,0.054738769
465,34015501213,0.000337282
466,34015501301,0.026777699
467,34015501303,0.072318286
468,34015501402,0.266839001
469,34015501403,0.125066431
470,34015501404,0.126072116
471,34015501405,0.114391326
472,34015501406,0.000465904
473,34015501501,1.120091434
474,34015501502,0.562966437
475,34015501609,1.428915012
476,34015501701,2.660418315
477,34015501703,2.210790732
478,34015501704,3.892411915
479,34015501800,0.339225223
480,34015501900,3.373277742
481,34015502001,1.355984452
482,34015502002,0.861266637
483,34015502100,1.422188996
484,34015502201,0.701032835
485,34015502202,0.962844161
486,34015502203,0.545990752
487,34015502204,1.447567159
488,34015502300,0.121519042
489,34015502400,29.29665251
490,34019010201,1.242938032
491,34019010400,1.488700641
492,34019010500,2.921292884
493,34019010600,2.76700598
494,34019011500,4.999644262
495,34019011600,5.662874338
496,34019011800,1.288384757
497,34019011900,0.729413772
498,34021000100,0.42257779
499,34021000900,0.097049105
500,34021001000,0.503592982
501,34021001101,0.334803519
502,34021001102,0.045728693
503,34021001200,0.819543722
504,34021001300,0.000333969
505,34021001800,0.014001464
506,34021001900,0.143786805
507,34021002000,0.021461721
508,34021002100,0.068405447
509,34021002200,0.164505475
510,34021002500,6.817158941
511,34021002601,0.239858436
512,34021002602,0.066996474
513,34021002701,0.217439401
514,34021002702,0.971497859
515,34021002800,0.448900435
516,34021002902,1.190457897
517,34021002903,1.966196106
518,34021002904,1.166325875
519,34021003001,2.250820942
520,34021003002,0.107784925
521,34021003003,1.013081787
522,34021003006,0.196992362
523,34021003008,0.198991714
524,34021003009,0.741649096
525,34021003100,0.489998682
526,34021003201,0.752537471
527,34021003202,3.169061662
528,34021003301,1.017986499
529,34021003303,2.418139847
530,34021003304,1.960997667
531,34021003400,0.332964075
532,34021003500,0.73602448
533,34021003601,0.095693631
534,34021003602,0.339027131
535,34021003703,0.159603863
536,34021003704,0.155267024
537,34021003706,0.227218638
538,34021003707,0.293435383
539,34021003708,1.182114342
540,34021003800,2.832439492
541,34021004306,2.222510204
542,34021004309,2.166483822
543,34021004311,0.422435877
544,34021004312,1.01730915
545,34025811900,7.514864454
546,34025812000,0.207539256
547,34025812502,3.347491185
548,34027044701,0.002128293
549,34027045402,0.006774564
550,34027046000,0.002475494
551,34027046201,0.017279108
552,34029718000,5.710038002
553,34029720001,2.179730086
554,34029739100,25.75391534
555,34033020100,6.173973142
556,34033020200,0.285260349
557,34033020300,0.865504254
558,34033020400,1.27081224
559,34033020500,0.80671236
560,34033020600,14.96045402
561,34033020700,4.239821282
562,34033020800,0.623292048
563,34033020900,2.638128878
564,34033021000,0.084324765
565,34033021101,3.485790206
566,34033021102,7.956097014
567,34033021201,4.379097698
568,34033021202,5.790124166
569,34033021300,22.1689532
570,34033021400,6.066470855
571,34033021500,4.376270252
572,34033021600,20.65649512
573,34033021700,9.260625549
574,34033021900,0.870764448
575,34033022000,1.354880513
576,34033022100,2.243466849
577,34033022201,85.82572268
578,34033022202,29.73224542
579,34037371000,9.050743668
580,34037371900,12.93150633
581,34037372000,1.807180002
582,34037372100,2.762758128
583,34037372200,1.571960048
584,34037372400,3.550186325
585,34037373100,1.770443395
586,34037373300,0.099579921
587,34037373500,0.438284356
588,34037373600,3.16484855
589,34037373700,0.200725862
590,34037373800,1.244367917
591,34037373900,1.409971814
592,34037374000,1.42130906
593,34037374100,3.417490728
594,34037374200,1.376027801
595,34037374300,1.625083496
596,34037374400,1.192880281
597,34037374500,0.953150098
598,34037374600,0.121057671
599,34037374700,0.080278934
600,34037374800,0.117369888
601,34041030600,0.360960861
602,34041030700,0.084919613
603,34041030800,0.085213589
604,34041030900,0.309197037
605,34041031101,7.206160477
606,34041031102,1.77226961
607,34041031200,9.561273698
608,34041031301,8.007084204
609,34041031302,5.700068776
610,34041031401,0.408626491
611,34041031402,0.633137003
612,34041031500,2.524464509
613,34041031601,4.52823775
614,34041031602,2.009064255
615,34041031700,0.546805105
616,34041031800,2.366001056
617,34041031900,2.506338294
618,34041032000,0.161683403
619,34041032101,2.954838344
620,34041032102,1.412926569
621,34041032200,1.078435151
622,34041032300,2.963359804
623,34041032400,0.103014947
624,42011000100,0.001105543
625,42011000200,0.148915591
626,42011000300,0.145006385
627,42011000400,0.138932595
628,42011000500,0.108648849
629,42011001100,0.12343203
630,42011001800,0.011160365
631,42011002001,0.003251885
632,42011002002,0.009305337
633,42011002200,0.025395066
634,42011002300,0.037084066
635,42011002500,0.683232254
636,42011002600,0.136342738
637,42011002700,0.107510628
638,42011002900,0.588118813
639,42011010201,3.320258096
640,42011010202,3.779003843
641,42011010302,1.943041255
642,42011010303,0.37719947
643,42011010304,3.063558127
644,42011010402,6.441837593
645,42011010500,1.495298879
646,42011010601,0.027839415
647,42011010602,3.180457736
648,42011010701,0.484006152
649,42011010702,0.821747099
650,42011010804,0.365510826
651,42011010902,0.169793919
652,42011010903,0.611754876
653,42011010905,0.035505633
654,42011011101,0.121094563
655,42011011102,0.433130361
656,42011011200,0.174303379
657,42011011300,0.153649475
658,42011011400,0.069844641
659,42011011500,0.104622221
660,42011011601,0.062659067
661,42011011602,0.646405067
662,42011011603,0.900706766
663,42011011702,1.458784965
664,42011011704,1.081669609
665,42011011705,4.524781129
666,42011011800,0.591118414
667,42011011902,4.466213363
668,42011011903,1.319919439
669,42011011905,1.629607731
670,42011011906,0.596260782
671,42011012001,0.868819438
672,42011012003,0.23698217
673,42011012004,0.79922339
674,42011012101,0.161180084
675,42011012103,1.197362426
676,42011012104,0.358702084
677,42011012106,0.326034694
678,42011012107,0.266431971
679,42011012200,0.020188993
680,42011012300,0.392170892
681,42011012400,0.804984794
682,42011012500,0.115304612
683,42011012600,0.14768167
684,42011012701,0.686208919
685,42011012702,0.399608537
686,42011012901,0.618417038
687,42011012902,6.068543356
688,42011013000,2.656374119
689,42011013100,1.186115286
690,42011013200,0.036303734
691,42011013301,2.698764114
692,42011013302,2.42735522
693,42011013402,3.124775685
694,42011013403,0.436178767
695,42011013404,1.679943384
696,42011013501,2.711383226
697,42011013502,0.278526739
698,42011013503,0.696023297
699,42011013600,0.156251968
700,42011013701,3.131881525
701,42011013702,3.393942671
702,42011013800,1.371277658
703,42011013901,5.204575718
704,42011013902,3.081461802
705,42011014000,0.514000352
706,42011014102,4.169852934
707,42011014201,0.095418355
708,42011014202,1.716642151
709,42017100102,2.025602396
710,42017100103,0.156818455
711,42017100104,0.216386798
712,42017100105,0.032514226
713,42017100201,0.216354336
714,42017100206,0.094641681
715,42017100207,0.179832348
716,42017100208,0.117894057
717,42017100210,0.59684056
718,42017100211,0.311420109
719,42017100212,0.336866388
720,42017100213,0.169519289
721,42017100302,2.992680342
722,42017100303,1.117711717
723,42017100304,0.301603799
724,42017100306,0.283152033
725,42017100307,0.798509747
726,42017100401,0.590535987
727,42017100402,0.435399178
728,42017100403,0.773457564
729,42017100404,0.494576469
730,42017100406,0.085175436
731,42017100407,1.99167597512132e-06
732,42017100408,0.450766017
733,42017100500,0.250034082
734,42017100600,0.317636998
735,42017100700,0.868094537
736,42017100803,0.175365929
737,42017100804,0.196781263
738,42017100805,0.51870323
739,42017100807,0.523152231
740,42017100808,1.259026447
741,42017100809,0.294446575
742,42017100811,0.055456565
743,42017100900,1.017767929
744,42017101100,0.003487118
745,42017101401,0.440443005
746,42017101403,0.368962728
747,42017101404,0.271235751
748,42017101405,0.090303838
749,42017101503,0.168859109
750,42017101504,0.458207282
751,42017101505,0.22132123
752,42017101506,0.168429796
753,42017101603,0.024220352
754,42017101605,0.085237471
755,42017101607,0.022385449
756,42017101609,0.086396887
757,42017101610,0.452515334
758,42017101611,0.110953933
759,42017101802,0.243254968
760,42017101807,0.102123871
761,42017101808,0.37681933
762,42017101809,0.163193329
763,42017101810,0.926323998
764,42017101900,0.867749763
765,42017102002,1.746373469
766,42017102003,1.220914832
767,42017102004,0.641596365
768,42017102102,0.701338024
769,42017102104,0.20828002
770,42017102300,2.229418016
771,42017102402,0.652294394
772,42017102500,0.356534671
773,42017102700,2.169498401
774,42017102801,2.011150206
775,42017103101,0.400254675
776,42017103102,0.517380226
777,42017103103,0.302689554
778,42017103300,3.861131831
779,42017103400,3.321842666
780,42017103700,1.850115641
781,42017103800,2.169313203
782,42017103900,8.247713932
783,42017104000,3.586398096
784,42017104100,6.69783389405347e-06
785,42017104201,1.193492801
786,42017104203,1.066094816
787,42017104204,0.412343963
788,42017104301,1.566048417
789,42017104303,1.625520952
790,42017104304,1.260816617
791,42017104400,0.461158516
792,42017104502,3.367013056
793,42017104503,0.277165827
794,42017104505,0.067397982
795,42017104506,0.362273017
796,42017104601,1.203919282
797,42017104603,2.092551444
798,42017104604,1.062747688
799,42017104701,0.24299121
800,42017104703,0.151193531
801,42017104800,0.146288928
802,42017104901,0.775556127
803,42017104902,2.048413864
804,42017105003,0.879882055
805,42017105004,0.705130217
806,42017105006,1.633300828
807,42017105008,0.612631657
808,42017105010,0.186815009
809,42017105011,0.672344982
810,42017105012,0.098514937
811,42017105013,0.072957617
812,42017105100,1.630690437
813,42017105202,0.682972777
814,42017105203,0.566487927
815,42017105206,0.095739616
816,42017105207,0.114245311
817,42017105208,0.439546292
818,42017105300,0.060587292
819,42017105401,0.777067266
820,42017105402,4.631152216
821,42017105505,2.608635802
822,42017105506,0.207649826
823,42017105507,0.428241883
824,42017105508,0.969672321
825,42017105509,0.518200701
826,42017105511,0.058152565
827,42017105600,0.736779458
828,42017105702,0.713717854
829,42017105704,0.032855701
830,42017105801,0.227894326
831,42017105805,4.11117803
832,42017105807,0.415279536
833,42017105808,0.093924521
834,42017105809,0.361418446
835,42017105810,0.053062555
836,42017105811,0.038084511
837,42017105812,0.017652397
838,42017105900,0.904844996
839,42017106000,0.379114165
840,42017106100,0.097883538
841,42017106201,0.055697285
842,42017106202,0.000400663
843,42017106300,0.282644039
844,42017106401,3.557638328
845,42017106402,5.253695868
846,42017106500,5.092898984
847,42017106600,2.720176767
848,42025020102,1.306544717
849,42025020103,1.30084355
850,42025020106,4.663319664
851,42025020107,0.259358002
852,42025020108,1.818988141
853,42025020201,1.719694988
854,42025020202,4.155324281
855,42025020301,1.740749732
856,42025020302,0.472302302
857,42025020400,0.134680087
858,42025020501,3.710760823
859,42025020502,4.003553605
860,42025020600,0.757849265
861,42025020700,2.460869896
862,42025020801,4.222459317
863,42025020802,3.220661281
864,42025020900,1.857417325
865,42029300101,0.414085243
866,42029300103,0.001848007
867,42029300106,0.19971657
868,42029300107,1.125420305
869,42029300108,0.006985307
870,42029300109,1.21113675092347e-05
871,42029300201,0.141600421
872,42029300202,0.956654694
873,42029300301,2.57125567
874,42029300302,1.064614162
875,42029300303,0.041734748
876,42029300400,0.075834269
877,42029300501,1.381502342
878,42029300502,0.603975207
879,42029300600,0.787863431
880,42029300700,0.185937888
881,42029300800,0.146602655
882,42029300900,0.08244976
883,42029301001,1.413976184
884,42029301002,0.908341642
885,42029301100,0.398631169
886,42029301300,4.015076074
887,42029301401,1.396424422
888,42029301402,1.041610183
889,42029301500,1.192764165
890,42029301600,3.840922559
891,42029301700,3.255438367
892,42029301800,1.81671716
893,42029301900,2.288824466
894,42029302000,1.237391701
895,42029302102,0.049753236
896,42029302103,0.637695112
897,42029302104,0.617722816
898,42029302203,0.470200691
899,42029302204,0.279205695
900,42029302205,1.058872055
901,42029302206,0.615683119
902,42029302207,1.016284633
903,42029302300,0.025701524
904,42029302400,0.003070196
905,42029302500,0.027569313
906,42029302600,0.171979883
907,42029302702,0.239713108
908,42029302703,0.957674293
909,42029302704,0.182420363
910,42029302705,0.213868663
911,42029302706,0.595844561
912,42029302802,1.028481265
913,42029302803,0.273497587
914,42029302804,1.056439125
915,42029302806,0.070318364
916,42029302807,0.567527076
917,42029302901,0.858451515
918,42029302902,1.000876234
919,42029303000,1.148541686
920,42029303100,2.450798679
921,42029303301,1.628859908
922,42029303302,1.691825383
923,42029303401,0.134283371
924,42029303402,0.084325843
925,42029303501,0.814763216
926,42029303502,1.497429719
927,42029303801,2.835468192
928,42029303803,0.627162475
929,42029303804,0.956205421
930,42029303901,1.604493621
931,42029303902,3.383066511
932,42029304000,0.456560311
933,42029304101,0.462975581
934,42029304102,0.726731016
935,42029304201,1.829921885
936,42029304300,1.631475833
937,42029304404,0.020323983
938,42029304405,0.145548804
939,42029304406,0.134165292
940,42029304502,1.091730464
941,42029304503,0.324676072
942,42029304504,0.807927277
943,42029304600,1.94620017
944,42029304900,5.314103379
945,42029305101,1.715878335
946,42029305300,0.645603823
947,42029305400,0.284474431
948,42029305500,0.156621221
949,42029305600,0.085635977
950,42029306000,2.336108814
951,42029306501,0.771182342
952,42029306503,0.495878005
953,42029306504,0.602629932
954,42029306600,2.060381687
955,42029306700,2.328395899
956,42029307100,1.66281932
957,42029307200,1.311927725
958,42029307300,1.378116219
959,42029307400,0.171983611
960,42029311000,3.364836857
961,42029311100,1.915335457
962,42029311200,7.45917655
963,42029311300,2.984190364
964,42029311401,0.488620759
965,42029311403,0.257724426
966,42029311404,1.487199152
967,42029311500,2.741261811
968,42029311600,0.609998204
969,42029311701,2.205951226
970,42029311702,1.68629838
971,42045400301,0.200530599
972,42045400302,0.040532435
973,42045400401,0.0565271
974,42045400402,0.034474036
975,42045400500,0.091370357
976,42045400600,0.029904701
977,42045400700,0.060544355
978,42045400801,0.154126322
979,42045400802,0.001354009
980,42045401101,0.071221554
981,42045401103,0.010440608
982,42045401104,0.057942729
983,42045401200,0.219662573
984,42045401302,0.031652127
985,42045401303,0.051793459
986,42045401401,0.081724946
987,42045401402,0.049970542
988,42045401502,0.065295298
989,42045401503,0.037376993
990,42045401600,0.129103532
991,42045401900,0.021706698
992,42045402000,0.116911358
993,42045402100,0.180653684
994,42045402200,0.066971664
995,42045402300,0.144256909
996,42045402400,0.074425436
997,42045402500,0.098683525
998,42045402600,0.169484576
999,42045402700,0.293427197
1000,42045402800,0.174788742
1001,42045402900,0.511349717
1002,42045403001,0.037756915
1003,42045403002,0.079159615
1004,42045403101,0.024917023
1005,42045403103,0.067773459
1006,42045403104,0.000728584
1007,42045403200,0.033677181
1008,42045403300,0.123204497
1009,42045403401,0.051365779
1010,42045403402,1.067865295
1011,42045403501,0.111347352
1012,42045403502,0.096268232
1013,42045403601,0.004472667
1014,42045403602,0.21518377
1015,42045403701,4.567235347
1016,42045403702,0.862886527
1017,42045403800,0.091506578
1018,42045403901,0.054071351
1019,42045403902,0.115489419
1020,42045404003,0.007133491
1021,42045404004,0.105344153
1022,42045404101,0.222188846
1023,42045404102,0.309728814
1024,42045404103,0.977238429
1025,42045404300,1.269606564
1026,42045404400,0.114429952
1027,42045404500,0.093503323
1028,42045404700,0.014817155
1029,42045404800,0.310660246
1030,42045405000,0.446613185
1031,42045405100,0.111587859
1032,42045405400,0.007728391
1033,42045406100,0.009705898
1034,42045406201,0.046276013
1035,42045406202,0.23338334
1036,42045406300,0.333457504
1037,42045406401,0.164949404
1038,42045406402,0.236655911
1039,42045406500,0.774121453
1040,42045406600,0.832045577
1041,42045406700,0.078098636
1042,42045406801,0.285397585
1043,42045406802,0.274769806
1044,42045406804,0.240721121
1045,42045406805,0.226312055
1046,42045406902,0.308909617
1047,42045406903,0.040865274
1048,42045406904,0.661722612
1049,42045407000,0.352888841
1050,42045407101,0.686294803
1051,42045407102,0.151012262
1052,42045407201,1.062694125
1053,42045407202,0.106378741
1054,42045407401,0.286807632
1055,42045407404,0.278857413
1056,42045407501,0.024071822
1057,42045407502,0.006583381
1058,42045407600,0.227192654
1059,42045407700,0.074733006
1060,42045407801,0.19431295
1061,42045407802,0.266710291
1062,42045407803,0.038847111
1063,42045407804,0.1193869
1064,42045407805,0.017293475
1065,42045407806,0.106223883
1066,42045407901,0.559601473
1067,42045407902,0.215464923
1068,42045407903,0.03354616
1069,42045408001,0.1462973
1070,42045408002,0.509386013
1071,42045408101,0.185045644
1072,42045408102,0.063044894
1073,42045408103,0.167454171
1074,42045408300,0.14049083
1075,42045408400,0.386627257
1076,42045408500,0.134779748
1077,42045408700,0.176007484
1078,42045408800,0.075116938
1079,42045408900,0.200515883
1080,42045409200,0.059068201
1081,42045409300,0.037856098
1082,42045409400,0.10428025
1083,42045409500,0.1041706
1084,42045409601,0.356764875
1085,42045409602,0.03403502
1086,42045409701,1.367867005
1087,42045409803,0.407671876
1088,42045409804,0.261114461
1089,42045409902,0.364635542
1090,42045409903,0.110352688
1091,42045409904,0.608937133
1092,42045410000,1.454554694
1093,42045410101,0.904321767
1094,42045410102,0.526255279
1095,42045410200,1.790883679
1096,42045410303,0.561132524
1097,42045410304,0.107780383
1098,42045410305,0.263758634
1099,42045410306,0.224332166
1100,42045410401,0.110783658
1101,42045410402,0.075979239
1102,42045410403,0.036784789
1103,42045410500,0.106608153
1104,42045410601,0.073128051
1105,42045410602,0.136387864
1106,42045410700,1.441409106
1107,42045410800,0.587546638
1108,42045980100,0.000630817
1109,42045980300,0.007666615
1110,42069111801,1.945456517
1111,42075002702,0.477602667
1112,42075002801,0.683008944
1113,42075002802,2.70831359
1114,42075002900,0.25075999
1115,42075003000,3.012816106
1116,42077000101,0.001352974
1117,42077000102,0.17929735
1118,42077000400,0.288595596
1119,42077000500,0.787246667
1120,42077000600,0.098002877
1121,42077000700,0.286004333
1122,42077000800,0.000933662
1123,42077000900,0.060735925
1124,42077001200,0.118732154
1125,42077001401,0.725606553
1126,42077001402,0.521954739
1127,42077001501,0.349746524
1128,42077001502,0.043704278
1129,42077002100,0.208651118
1130,42077002202,0.040815
1131,42077002302,0.383007145
1132,42077002303,0.347372439
1133,42077002304,0.000884889
1134,42077005100,0.390628962
1135,42077005200,1.537471571
1136,42077005301,2.700875177
1137,42077005302,6.572450495
1138,42077005401,2.340053066
1139,42077005402,2.179809377
1140,42077005503,1.44804865
1141,42077005504,1.366355637
1142,42077005505,0.243928415
1143,42077005506,0.669529408
1144,42077005601,0.594893555
1145,42077005602,0.978371094
1146,42077005702,0.058093507
1147,42077005703,0.210888801
1148,42077005705,0.663381177
1149,42077005800,0.023742274
1150,42077005901,0.578455643
1151,42077005902,0.199514548
1152,42077006001,0.848613106
1153,42077006002,2.350730191
1154,42077006101,0.581905874
1155,42077006102,0.183614378
1156,42077006203,0.234316247
1157,42077006204,0.350320539
1158,42077006205,1.286592232
1159,42077006206,1.010233124
1160,42077006302,2.653568728
1161,42077006303,0.179326892
1162,42077006304,0.559144359
1163,42077006309,0.738892506
1164,42077006310,1.2810889
1165,42077006311,0.857486963
1166,42077006312,0.312781142
1167,42077006401,0.590759714
1168,42077006402,2.665241716
1169,42077006500,0.266259473
1170,42077006600,0.179469136
1171,42077006701,1.082822413
1172,42077006702,0.005030321
1173,42077006703,0.167321508
1174,42077006800,0.069562284
1175,42077006902,0.051296144
1176,42077006903,1.901299826
1177,42077006905,0.282600831
1178,42077006906,1.363143403
1179,42077007000,3.218638493
1180,42077009100,4.177981181
1181,42077009200,1.863682591
1182,42077009300,1.822911843
1183,42077009400,1.924046563
1184,42077009500,1.319563255
1185,42077009601,0.163672807
1186,42077009602,0.290915704
1187,42077009700,0.176139101
1188,42079215300,9.957699913
1189,42079216800,4.415752109
1190,42089300101,3.310714421
1191,42089300103,0.352222736
1192,42089300104,0.29731353
1193,42089300201,2.178836286
1194,42089300203,0.18049644
1195,42089300204,2.879844833
1196,42089300308,10.60254222
1197,42089300311,2.046503221
1198,42089300312,2.415346096
1199,42089300313,25.80606497
1200,42089300314,2.30260247
1201,42089300315,0.000251046
1202,42089300316,5.362464373
1203,42089300317,2.494186844
1204,42089300318,0.363438677
1205,42089300319,0.296426149
1206,42089300320,2.917114676
1207,42089300321,0.037656208
1208,42089300322,0.127719966
1209,42089300323,0.18391218
1210,42089300401,1.541313555
1211,42089300404,2.297508713
1212,42089300405,2.497188014
1213,42089300406,0.547685596
1214,42089300407,0.130988433
1215,42089300501,4.973400852
1216,42089300502,2.290552073
1217,42089300600,0.351086795
1218,42089300700,0.439586958
1219,42089300801,0.795668795
1220,42089300802,0.357471981
1221,42089300901,0.2546014
1222,42089300902,1.816637131
1223,42089301002,2.429939547
1224,42089301003,1.392878711
1225,42089301004,0.340121819
1226,42089301005,0.207911224
1227,42089301101,3.850509824
1228,42089301102,3.437724446
1229,42089301202,2.718268658
1230,42089301203,2.628528609
1231,42089301204,0.36787771
1232,42089301206,0.126402027
1233,42089301207,1.316971285
1234,42089301302,2.28412776
1235,42089301303,2.162985758
1236,42089301304,3.990744519
1237,42089301403,0.776681021
1238,42089301404,2.671369453
1239,42089301405,1.224387995
1240,42089301406,0.370370919
1241,42091200103,0.149462009
1242,42091200104,0.282901946
1243,42091200105,0.762210227
1244,42091200106,0.765790195
1245,42091200200,0.63999064
1246,42091200301,0.562970039
1247,42091200305,0.003678056
1248,42091200306,0.744875371
1249,42091200307,0.138376984
1250,42091200308,0.065762326
1251,42091200310,0.905103297
1252,42091200401,0.371006484
1253,42091200402,0.10290541
1254,42091200501,0.266355601
1255,42091200502,0.211189676
1256,42091200505,1.794260076
1257,42091200506,0.586360193
1258,42091200507,0.482495502
1259,42091200602,4.16017532367259e-05
1260,42091200603,0.105955056
1261,42091200605,0.375656594
1262,42091200607,0.039750098
1263,42091200703,0.914086131
1264,42091200704,0.21155591
1265,42091200707,0.539959665
1266,42091200708,0.011547899
1267,42091200800,0.247630931
1268,42091200901,0.022798072
1269,42091200903,0.059673809
1270,42091200906,0.056956155
1271,42091200908,0.050657325
1272,42091201003,0.397870368
1273,42091201004,0.099800484
1274,42091201005,0.050835158
1275,42091201006,0.638156562
1276,42091201100,0.081888201
1277,42091201201,0.812664549
1278,42091201203,0.459507997
1279,42091201204,0.204844705
1280,42091201301,0.08328092
1281,42091201302,0.128358684
1282,42091201404,1.37794169
1283,42091201406,0.302446799
1284,42091201407,0.275141795
1285,42091201408,0.478732929
1286,42091201409,0.172381463
1287,42091201410,0.204430026
1288,42091201411,0.562351414
1289,42091201501,0.481115942
1290,42091201502,0.656863402
1291,42091201603,0.001521931
1292,42091201604,0.023866641
1293,42091201605,0.221172107
1294,42091201606,0.095770876
1295,42091201607,0.023733102
1296,42091201608,0.16422393
1297,42091201703,0.105027041
1298,42091201705,0.095220564
1299,42091201706,0.032776707
1300,42091201800,0.202164337
1301,42091201901,0.115203091
1302,42091201902,0.047284013
1303,42091202100,0.012085363
1304,42091202201,0.360829315
1305,42091202202,0.085078676
1306,42091202301,0.183830285
1307,42091202302,0.053194279
1308,42091202602,0.11846214
1309,42091202603,0.114255919
1310,42091203000,2.059886417
1311,42091203103,0.902866068
1312,42091203104,0.051758418
1313,42091203105,0.332099011
1314,42091203106,0.406024898
1315,42091203203,0.422875902
1316,42091203204,0.261830167
1317,42091203205,0.57560484
1318,42091203207,0.288200306
1319,42091203208,0.144677677
1320,42091203302,0.198434613
1321,42091203303,0.275721366
1322,42091203304,0.234383344
1323,42091203401,0.283211524
1324,42091203402,0.792953768
1325,42091203403,0.540721174
1326,42091203500,0.19669095
1327,42091203601,1.71737726763822e-05
1328,42091203701,0.245430283
1329,42091203801,0.028728957
1330,42091203803,0.005728699
1331,42091203804,0.06490534
1332,42091203901,0.027089011
1333,42091203902,0.594737395
1334,42091204002,0.412344897
1335,42091204007,0.06440581
1336,42091204008,0.173944449
1337,42091204009,0.178857087
1338,42091204010,0.14955508
1339,42091204101,0.025645938
1340,42091204103,0.412414263
1341,42091204104,0.112194998
1342,42091204200,0.255413892
1343,42091204300,0.099891985
1344,42091204400,0.023276779
1345,42091204500,0.047357448
1346,42091204600,0.056219349
1347,42091204701,0.166664834
1348,42091204702,0.056819034
1349,42091204800,0.453405224
1350,42091204900,0.390580494
1351,42091205000,0.049130385
1352,42091205100,0.081161694
1353,42091205200,0.13056919
1354,42091205401,0.072008087
1355,42091205402,0.09578265
1356,42091205501,0.011119931
1357,42091205502,0.065451107
1358,42091205503,0.107285798
1359,42091205600,0.059398246
1360,42091205700,0.403498132
1361,42091205805,0.056066203
1362,42091205806,0.143466289
1363,42091205807,0.017045293
1364,42091205808,0.834419487
1365,42091205809,0.178994369
1366,42091205810,0.330035664
1367,42091205811,0.000712173
1368,42091205903,0.161807837
1369,42091205904,0.251145345
1370,42091205905,0.155016625
1371,42091205906,1.481231664
1372,42091206004,0.037546913
1373,42091206006,0.060358849
1374,42091206007,1.507800613
1375,42091206104,0.407153967
1376,42091206105,0.6987059
1377,42091206106,0.422736792
1378,42091206107,0.88053122
1379,42091206108,1.907987132
1380,42091206202,0.205941546
1381,42091206300,0.535850871
1382,42091206400,0.125583801
1383,42091206501,0.516761582
1384,42091206502,0.812303241
1385,42091206600,0.080046668
1386,42091206703,0.531421027
1387,42091206704,2.147210242
1388,42091206801,0.89602991
1389,42091206802,0.08180491
1390,42091206901,0.107587317
1391,42091206904,0.215841731
1392,42091206905,1.177715334
1393,42091206906,0.411757291
1394,42091207001,1.600622358
1395,42091207003,0.323030578
1396,42091207004,0.063056139
1397,42091207101,1.026163843
1398,42091207103,0.239907281
1399,42091207104,0.091094729
1400,42091207201,0.000903839
1401,42091207400,1.706784917
1402,42091207500,1.283450829
1403,42091207600,2.306449999
1404,42091207800,4.931263879
1405,42091208000,0.028107893
1406,42091208100,0.027197088
1407,42091208201,1.76259525
1408,42091208203,1.047557889
1409,42091208204,0.234849162
1410,42091208301,2.484740155
1411,42091208303,1.242479116
1412,42091208304,1.25949729
1413,42091208400,1.062421891
1414,42091208500,1.675507701
1415,42091208601,0.754928092
1416,42091208603,1.277764013
1417,42091208604,0.673890265
1418,42091208702,0.245465227
1419,42091208703,0.271096675
1420,42091208704,0.914965876
1421,42091208801,0.374702913
1422,42091208802,0.507615524
1423,42091208901,0.304092193
1424,42091208903,0.012923581
1425,42091208904,0.14065797
1426,42091208906,0.012300738
1427,42091209000,0.947918539
1428,42091209100,0.199558469
1429,42091209201,0.882951884
1430,42091210100,0.383535298
1431,42091210200,0.119321874
1432,42091210300,0.456067959
1433,42091210400,0.184372195
1434,42091210500,0.014592707
1435,42091210600,0.056891257
1436,42091210700,1.589747924
1437,42091980100,0.260320595
1438,42095010100,0.007983346
1439,42095010200,0.473368443
1440,42095010300,0.048094363
1441,42095010500,0.260166616
1442,42095010602,0.126133466
1443,42095010700,0.099973106
1444,42095010800,0.078546865
1445,42095010900,0.016977082
1446,42095011000,0.121409879
1447,42095011200,0.002329613
1448,42095011300,1.836584932
1449,42095014100,0.395564214
1450,42095014200,0.14688195
1451,42095014300,0.060588659
1452,42095014400,0.348893912
1453,42095014500,0.119324454
1454,42095014600,1.093460179
1455,42095015202,0.099061536
1456,42095015203,0.259809674
1457,42095015300,1.437980667
1458,42095015400,3.772188344
1459,42095015500,1.482279213
1460,42095015600,0.076586316
1461,42095015700,0.112141396
1462,42095015801,1.25701435
1463,42095015802,0.952539757
1464,42095015901,0.763329215
1465,42095015902,1.46872632
1466,42095016001,0.935914359
1467,42095016002,1.400161958
1468,42095016100,0.161019283
1469,42095016201,0.489802849
1470,42095016202,0.221213625
1471,42095016300,0.135336082
1472,42095016400,1.788312758
1473,42095016500,1.354035682
1474,42095016600,0.044788683
1475,42095016700,1.283771848
1476,42095016802,0.027838183
1477,42095016901,1.248740773
1478,42095016902,0.392352054
1479,42095017000,0.566670534
1480,42095017101,0.312422632
1481,42095017103,0.368986715
1482,42095017104,0.358564529
1483,42095017200,0.066414963
1484,42095017300,0.224177476
1485,42095017402,0.117189228
1486,42095017403,0.913161408
1487,42095017404,0.659127807
1488,42095017501,0.023418733
1489,42095017502,0.05495836
1490,42095017603,0.27788996
1491,42095017604,0.029795589
1492,42095017605,0.305185796
1493,42095017606,0.178577624
1494,42095017607,0.360536394
1495,42095017702,0.003452496
1496,42095017703,0.16496639
1497,42095017704,0.197645926
1498,42095017800,0.369252485
1499,42095017901,0.160257932
1500,42095017902,0.199688342
1501,42095018001,1.144456088
1502,42095018003,0.667354326
1503,42095018004,0.308765157
1504,42095018100,1.389061489
1505,42095018200,2.713477224
1506,42095018300,3.112661309
1507,42101000300,0.147923522
1508,42101000401,0.072472897
1509,42101000702,0.0319934
1510,42101000801,0.050749379
1511,42101001002,0.017952113
1512,42101001201,0.087365833
1513,42101001302,0.141519035
1514,42101002500,6.0653384095931e-06
1515,42101002702,0.033610895
1516,42101003300,0.176890198
1517,42101004002,0.002408327
1518,42101004103,0.023960169
1519,42101004104,0.014417556
1520,42101004201,0.095815091
1521,42101004202,0.198592423
1522,42101005400,1.731995708
1523,42101005500,0.835142398
1524,42101005600,0.826884521
1525,42101006000,0.352703931
1526,42101006100,0.037458405
1527,42101006300,0.028219056
1528,42101006400,0.092880937
1529,42101006500,0.170364006
1530,42101006700,0.021062554
1531,42101008200,0.061589768
1532,42101008301,0.055018875
1533,42101012502,0.087043642
1534,42101014202,0.233192126
1535,42101014300,0.200549211
1536,42101014400,0.000885773
1537,42101015800,0.002251654
1538,42101016001,0.030250402
1539,42101017000,0.050385025
1540,42101018001,0.007872126
1541,42101018300,0.685483013
1542,42101018400,0.799386236
1543,42101019000,0.068409974
1544,42101019100,0.026619772
1545,42101020701,0.062253311
1546,42101020702,0.13360364
1547,42101020800,0.003168255
1548,42101020900,0.066770751
1549,42101021000,0.090160494
1550,42101021400,0.088119799
1551,42101021500,0.048677314
1552,42101021600,0.23180627
1553,42101021900,0.021646955
1554,42101022000,0.080995331
1555,42101027200,0.034433799
1556,42101027300,0.043902192
1557,42101028902,0.12818711
1558,42101029000,0.070381312
1559,42101029100,0.130163823
1560,42101029200,0.265893399
1561,42101029300,0.165814477
1562,42101029400,0.211993499
1563,42101029900,0.055071045
1564,42101032900,0.110042941
1565,42101033102,0.00524111
1566,42101033200,0.000406346
1567,42101033300,0.001775673
1568,42101034200,0.079862627
1569,42101034501,0.009046387
1570,42101034502,0.000225947
1571,42101034701,0.005310267
1572,42101034702,0.00429294
1573,42101034801,0.058666576
1574,42101034802,0.07486889
1575,42101034803,0.089550706
1576,42101034900,0.036967622
1577,42101035100,0.041557268
1578,42101035200,0.100103172
1579,42101035301,0.182164154
1580,42101035302,0.096310855
1581,42101035800,0.077293224
1582,42101035900,0.02183193
1583,42101036000,0.084624932
1584,42101036100,0.059229694
1585,42101036201,0.107523585
1586,42101036202,0.030893173
1587,42101036203,0.179917141
1588,42101036301,0.20200193
1589,42101036302,0.000746364
1590,42101036303,0.157351811
1591,42101036400,0.191020958
1592,42101036501,0.098855618
1593,42101036502,0.088293172
1594,42101036600,0.81880883
1595,42101036700,0.004508659
1596,42101036901,0.099799339
1597,42101036902,0.243872231
1598,42101037200,0.055294694
1599,42101037300,1.184768687
1600,42101037500,0.006019982
1601,42101037800,2.432276419
1602,42101037900,0.228838636
1603,42101038000,0.27507886
1604,42101038100,1.1571641
1605,42101038200,0.130740721
1606,42101038400,0.001094001
1607,42101038500,0.000316807
1608,42101038600,0.028572211
1609,42101038700,0.237121438
1610,42101039100,0.188662538
1611,42101980100,0.488535143
1612,42101980200,1.669818341
1613,42101989100,0.788323176
1614,42103950102,2.340997187
1615,42103950103,1.463360478
1616,42103950104,3.641748197
1617,42103950202,1.742538007
1618,42103950203,1.033859573
1619,42103950204,1.719417966
1620,42103950302,0.426837229
1621,42103950303,0.944039786
1622,42103950304,0.073579562
1623,42103950501,3.925646323
1624,42103950504,2.118161245
1625,42103950601,0.500512991
1626,42103950603,0.203362588
1627,42103950606,4.762284706
1628,42103950607,1.818127162
1629,42103950608,2.050400916
1630,42103950701,2.906817131
1631,42103950702,0.905832194
1632,42103950803,1.840604818
1633,42103950804,1.845568963
1634,42103950805,0.60135331
1635,42103950806,0.815034294
1636,42103950901,3.990755696
1637,42103950902,18.04536286
1638,42107000300,3.726050556
1639,42107001400,1.26867688
1640,42107001500,0.130141304
1641,42107001600,1.919565561
1642,42107001700,0.095383553
1643,42107001901,0.001114856
1644,42107002000,0.075171852
1645,42107002100,0.116897985
1646,42107002200,1.213803697
1647,42107002300,0.315008707
1648,42107002400,2.017194227
1649,42107002500,1.76422076
1650,42107002600,0.367577802
1651,42107002700,0.442654208
1652,42107002800,0.083167098
1653,42107002900,9.890041595
1654,42107003000,8.018999329
1655,42107003100,0.311938454
1656,42107003200,3.660850911
1657,42107003300,0.956914941
1658,42107003400,4.459769042
1659,42127960100,9.726541683
1660,42127960200,14.08934243
1661,42127960300,2.344263602
1662,42127960400,6.453250322
1663,42127960500,8.291742389
1664,42127960600,7.190328651
1665,42127960700,0.584927607
1666,42127960800,7.087390996
1667,42127960900,11.89603262
1668,42127961001,3.138526031
1669,42127961002,2.005085129
1670,42127961101,1.45895393
1671,42127961102,0.543192191
1672,42127961201,3.341028354
1673,42127961202,1.553422871
1674,42127961300,4.234342891
1675,42127961400,1.158718467
